PLAYER_NAME,TEAM_ABBREVIATION,TS%,3PAr,ORB%,DRB%,TRB%,AST%,STL%,BLK%,TOV%,USG%,OBPM,DBPM,BPM,VORP,Pos
A.J. Green,MIL,0.621,0.856,0.064,1.2,9.8,5.7,8.5,1.1,0.4,8.4,12.6,-1.7,-0.4,-2.2,SG
A.J. Lawson,TOR,0.542,0.532,0.332,4.3,14.9,9.5,9.1,1.3,1.2,6.4,20,-1.5,-1,-2.5,SG
Aaron Gordon,DEN,0.65,0.346,0.36,6.4,12.1,9.4,15,0.8,0.9,11.3,19,2.7,-1.5,1.2,PF
Aaron Holiday,HOU,0.594,0.675,0.153,1.7,8.9,5.2,14.3,1.2,1.2,11.5,16.8,-0.4,0.1,-0.2,PG
Aaron Nesmith,IND,0.653,0.515,0.211,3.7,13.9,8.8,6.6,1.5,1.4,8.2,17.4,0,-0.5,-0.5,SF
Aaron Wiggins,OKC,0.596,0.466,0.122,5.1,12.9,9.1,10.6,1.7,1,8.3,20.3,1.3,-0.2,1.1,SG
Adam Flagler,OKC,0.335,0.75,0.021,3.8,10.3,7.1,7.3,1.9,1.5,4,21.1,-8.1,-2.3,-10.3,SG
Adem Bona,PHI,0.714,0.005,0.521,11.1,19.9,15.3,4.4,1.4,7.5,20.5,14.3,-2.9,0.2,-2.7,C
AJ Johnson,WAS,0.48,0.423,0.174,1.3,8.3,4.8,17.1,0.9,0.4,13.2,17.4,-5.6,-2.5,-8.1,C
Ajay Mitchell,OKC,0.587,0.326,0.19,3.3,8.8,6.1,13.8,2,0.7,12.7,16.2,-2.5,0.9,-1.6,SG
Al Horford,BOS,0.563,0.681,0.082,5.2,18.9,12.1,10.4,1.1,2.8,8.8,13.8,0.1,1.1,1.2,SG
Alec Burks,MIA,0.608,0.764,0.181,1.9,13.8,7.9,9.1,1.6,0.8,9,16.5,0,0.3,0.3,C
Alex Caruso,OKC,0.568,0.541,0.162,4,12.2,8.2,16.6,4,2.9,9.9,15.2,0.1,3.9,4,SG
Alex Ducas,OKC,0.583,0.7,0.067,7.9,14.3,11.2,4.8,1.9,0,11.5,11.8,-2.1,0.1,-2,SG
Alex Len,LAL,0.525,0.143,0.27,11.3,16.7,14,12.6,1.2,5.4,22.1,10.3,-3.9,1.2,-2.6,SG
Alex Sarr,WAS,0.482,0.412,0.199,7.1,17.9,12.5,13.9,1.2,5,11.2,23.5,-2.2,-1,-3.3,C
Alperen  Sengun,HOU,0.545,0.079,0.374,11.4,23.8,17.5,24.1,1.7,2.3,12.7,26.2,2.6,1.8,4.4,PF
Amen Thompson,HOU,0.602,0.131,0.354,9,18.2,13.5,16.9,2.1,3.6,14.6,17.5,1.4,2.6,4.1,C
Amir Coffey,LAC,0.614,0.484,0.253,2.1,8.2,5.2,6.1,1.1,0.4,7.4,15.3,-1.5,-0.2,-1.7,SG
Andre Drummond,PHI,0.535,0.085,0.385,15.8,31.6,23.4,6.8,2.6,2.4,16.7,19.1,-2.4,-0.8,-3.2,C
Andre Jackson Jr.,MIL,0.554,0.386,0.122,7.5,12.5,10.1,10.9,1.7,1.3,21.8,11.9,-3.6,0.2,-3.4,SF
Andrew Nembhard,IND,0.545,0.325,0.252,2,10.7,6.4,22.5,2,0.5,15.8,16.3,-2.6,0.3,-2.3,SG
Andrew Wiggins,MIA,0.566,0.415,0.306,5.1,10.8,7.9,13.5,1.6,2.6,9.4,24.5,1.2,-0.3,0.9,C
Anfernee Simons,POR,0.557,0.527,0.172,1.2,8,4.5,23.3,1.3,0.2,10.6,24.6,1.5,-1.5,-0.1,SG
Anthony Black,ORL,0.521,0.315,0.318,3,11.4,7,19.4,2.3,2.4,16.4,19.6,-3.1,1.2,-1.9,SG
Anthony Davis,DAL,0.588,0.136,0.405,9.1,29.1,19.4,18.3,1.7,6,9.5,30.4,3.9,1.5,5.4,SF
Anthony Edwards,MIN,0.595,0.503,0.308,2.4,14.8,8.7,20.9,1.6,1.7,12,31.4,4.4,0,4.3,SG
Anthony Gill,WAS,0.586,0.352,0.568,4.7,12.6,8.6,5.7,1.1,0.5,8.3,12.7,-3,-1.5,-4.5,PG
Antonio Reeves,NOP,0.579,0.52,0.141,2.9,7.6,5.1,8.8,1.5,0.6,10.2,18.8,-1.2,-2,-3.2,C
Ariel Hukporti,NYK,0.654,0,0.419,7.5,19.4,13.5,6.4,0.2,6.4,36.4,11.6,-6.5,0.9,-5.6,SG
Ausar Thompson,DET,0.568,0.107,0.309,9.3,15.9,12.6,14.4,3.5,2.9,13.3,19.1,-0.8,2.5,1.7,PF
Austin Reaves,LAL,0.616,0.512,0.353,2.8,11.5,7.3,24.9,1.6,0.8,12.9,23.7,2.4,-0.5,1.9,SF
Ayo Dosunmu,CHI,0.585,0.421,0.176,2,10,6.1,20.2,1.4,1.1,12.5,16.6,-1.4,-0.2,-1.6,SG
Bam Adebayo,MIA,0.561,0.199,0.295,7.7,23.1,15.5,20,1.8,1.9,11.4,23.5,1,1,2,C
Baylor Scheierman,BOS,0.49,0.745,0.109,5.4,13,9.2,11.3,2.2,0.5,9.4,14.5,-2.5,0.8,-1.7,SF
Ben Sheppard,IND,0.555,0.693,0.094,4,12,8,8.6,1.5,1,6.9,11.3,-2.2,0.2,-2,SF
Ben Simmons,LAC,0.539,0,0.148,4.6,20.3,12.2,37,1.7,2,30,13.2,-2.3,1.8,-0.5,SG
Bennedict Mathurin,IND,0.579,0.338,0.389,4.6,15.2,9.9,8.8,1.1,1,11.9,22.8,-1.3,-1.5,-2.9,SG
Bilal Coulibaly,WAS,0.515,0.359,0.296,4.8,10.9,7.8,14.9,1.9,1.9,15.1,17.9,-3,-0.7,-3.7,C
Bismack Biyombo,SAS,0.576,0,0.219,8.7,23.4,16,7.9,1.5,3.9,17.8,12.3,-3.6,0,-3.6,SG
Blake Wesley,SAS,0.51,0.312,0.328,2.7,6.9,4.8,22.3,2.6,0.8,20.2,16.7,-3.9,-0.3,-4.2,SG
Bobby Portis,MIL,0.542,0.299,0.123,8.2,27,18,12.9,1.4,1.9,8.3,24.1,0.6,-0.4,0.2,PG
Bol Bol,PHX,0.627,0.508,0.142,5.1,20.4,13,7.7,1,5.2,9.3,21.1,1.7,-0.9,0.8,SF
Bones Hyland,MIN,0.576,0.695,0.22,2.4,9.3,5.9,20.1,3.7,1.7,16.2,28.2,0.9,1.8,2.7,SF
Bradley Beal,PHX,0.598,0.38,0.197,2.3,9.1,5.8,17.6,1.7,1.5,11.6,22.1,-0.1,-1,-1.1,C
Branden Carlson,OKC,0.581,0.68,0.186,7.6,15.8,11.8,7.5,1,8.6,6.3,19.3,0.5,0.8,1.3,SG
Brandin Podziemski,GSW,0.557,0.491,0.151,4,16.8,10.2,18.7,2,0.7,10.1,18.3,-0.1,0.8,0.7,PF
Brandon Boston Jr.,NOP,0.535,0.367,0.223,3,11.9,7.3,13.7,2.6,0.9,11.1,20,-2.3,-0.2,-2.5,SF
Brandon Clarke,MEM,0.638,0.045,0.229,11.3,17.3,14.3,7.4,2,2.7,8.9,15.3,0,0.8,0.8,SG
Brandon Miller,CHA,0.54,0.597,0.161,2.8,12.5,7.6,18.3,1.5,2.1,12.6,27.7,0.8,-0.8,0,PF
Brandon Williams,DAL,0.634,0.319,0.351,2.7,10.1,6.5,23.2,2.4,0.9,15.2,22.6,1,-0.1,1,PG
Brice Sensabaugh,UTA,0.612,0.621,0.122,3.2,12.6,7.9,12,1.5,0.5,14.5,21.5,0.4,-1.6,-1.2,SG
Bronny James,LAL,0.424,0.478,0.209,2.6,8.5,5.6,16.5,2.4,1.6,15.1,20.9,-5.9,-1.3,-7.2,C
Brook Lopez,MIL,0.624,0.482,0.178,5,11.8,8.6,7.8,0.9,5.4,9.1,15.8,0.4,0.4,0.8,SG
Bruce Brown,NOP,0.504,0.262,0.21,4.5,14.9,9.6,12.8,1.8,1,10.4,17.2,-3.2,-0.6,-3.8,SG
Bub Carrington,WAS,0.514,0.544,0.114,1.4,13.1,7.2,21.2,1,0.8,15.2,15.8,-3.3,-1.3,-4.6,PF
Buddy Hield,GSW,0.56,0.698,0.081,2.9,12.7,7.6,10.7,1.8,1.2,10.1,20.5,-0.7,-0.3,-1,SF
Cade Cunningham,DET,0.565,0.287,0.254,2.5,16.5,9.6,43,1.4,2.1,16,33.2,3.8,0.1,3.9,SF
Caleb Houstan,ORL,0.605,0.842,0.089,2.6,8.6,5.5,6.4,1.4,0.7,6.2,11.7,-2.4,0.2,-2.2,PG
Caleb Martin,DAL,0.513,0.339,0.322,4.8,11.7,8.2,10.7,1.9,1.8,13.9,14.4,-2.9,-0.2,-3.2,SF
Cam Reddish,LAL,0.498,0.5,0.277,3.3,9.1,6.3,4.8,2.8,1.6,10.2,8.8,-4.4,1.6,-2.7,SF
Cam Spencer,MEM,0.587,0.634,0.232,5.1,7.5,6.3,16.9,1.7,0.4,6.2,15.4,0.3,0.2,0.5,SG
Cam Thomas,BKN,0.575,0.43,0.333,2.1,10.4,6,22.9,1,0.3,10.6,32.6,2.8,-2.6,0.3,C
Cam Whitmore,HOU,0.549,0.454,0.179,4.5,15.1,9.7,8.9,1.8,1.4,9.6,23.9,0.7,-0.4,0.3,PG
Cameron Johnson,BKN,0.632,0.546,0.301,3.3,12.8,7.8,18.5,1.5,1.4,10.5,22.9,3.5,-0.4,3.1,C
Cameron Payne,NYK,0.532,0.574,0.121,1.5,9.4,5.5,25.5,1.8,1.4,10,20.8,-0.1,-0.2,-0.2,SG
Caris LeVert,ATL,0.582,0.474,0.259,2.8,11,6.9,18.1,1.7,1.9,10.2,19.4,0.8,0.1,0.9,PG
Cason Wallace,OKC,0.562,0.425,0.076,4.1,8.8,6.5,11.5,3.1,1.9,10.5,12.8,-1.5,2.6,1,SG
Charles Bassey,SAS,0.597,0,0.282,15.9,27.4,21.7,6.6,1.8,7.2,14.9,17.5,-1.7,0.6,-1.1,PG
Chet Holmgren,OKC,0.599,0.34,0.393,6,25,15.7,9.7,1.3,8.2,12.3,22,0.5,1.9,2.4,SF
Chris Boucher,TOR,0.615,0.522,0.235,8.5,19.6,13.9,5.9,1.3,2.8,6.6,21.2,2.9,-0.6,2.3,SF
Chris Livingston,MIL,0.441,0.296,0.593,10.7,24.6,17.9,6,2.3,0,15,16.6,-5,-1.1,-6.1,SG
Chris Paul,SAS,0.58,0.636,0.158,1.5,12.3,6.9,34.8,2.2,0.9,17.1,14,0.3,0.5,0.8,SF
Christian Braun,DEN,0.665,0.273,0.261,4.2,12.2,8.4,10.1,1.5,1.2,8.1,15.8,0.8,-0.5,0.3,SG
Christian Koloko,LAL,0.624,0.061,0.212,11.9,18.2,15.1,6.4,1.2,4.4,14.3,10.8,-3,0.2,-2.8,SG
CJ McCollum,NOP,0.55,0.459,0.173,2.4,10.3,6.2,20.6,1.2,1.3,9,27.2,1.2,-2.6,-1.4,SF
Clint Capela,ATL,0.564,0.003,0.249,15.8,28.2,21.8,7.4,1.4,4.1,9.8,16.7,-0.6,-0.4,-1,PF
Coby White,CHI,0.601,0.521,0.274,1.1,10.4,5.8,19.5,1.3,0.6,12.4,24.4,0.5,-1.4,-0.9,PG
Cody Martin,PHX,0.509,0.465,0.188,4.8,15.9,10.3,13,2.4,2.7,12.7,14.7,-2.8,1.1,-1.7,SG
Cody Williams,UTA,0.419,0.525,0.156,2.8,8.7,5.7,7.4,1,1.4,13.8,12.5,-6.1,-1.2,-7.3,SG
Colby Jones,WAS,0.544,0.38,0.271,4.3,13.6,9,12,2.4,2.4,13.7,13.7,-3.3,0.4,-2.8,C
Cole Anthony,MEM,0.531,0.401,0.208,4.1,15.5,9.5,25.5,1.8,2.5,14.8,24.6,-0.8,0.9,0.1,C
Colin Castleton,TOR,0.536,0.163,0.388,13,17.9,15.4,8.9,0.9,2.2,16.7,13.4,-4,-1,-5,PF
Collin Gillespie,PHX,0.578,0.57,0.139,5.5,13.2,9.4,24,2.3,1,9.2,17.7,2.3,0.2,2.5,SG
Collin Sexton,UTA,0.593,0.313,0.29,3.7,6.8,5.2,25.1,1.3,0.3,14.1,27,1.7,-2.3,-0.6,SF
Corey Kispert,WAS,0.584,0.584,0.156,2.3,9.5,5.9,9.7,0.8,0.8,9.6,17.5,-1.4,-2.2,-3.7,PG
Cory Joseph,ORL,0.547,0.695,0.117,3,11.2,6.9,17,2.1,0.6,10,12.8,-2.3,1.4,-0.8,SG
Craig Porter Jr.,CLE,0.61,0.343,0.229,4.1,9.9,7.1,17.7,1.6,2.6,19.8,15.9,0.1,1,1.1,C
Dalano Banton,POR,0.497,0.438,0.247,2.8,10.4,6.5,21.5,1.9,2.8,13.3,24.1,-0.6,-0.2,-0.8,PF
Dalen Terry,CHI,0.546,0.388,0.257,4.1,9,6.6,12.7,2.1,1.3,15.1,14.9,-4,0.2,-3.8,PG
Dalton Knecht,LAL,0.594,0.61,0.151,2.9,13.1,8.1,6.5,0.8,0.5,5.9,18.5,-0.1,-1.7,-1.8,C
Damian Lillard,MIL,0.621,0.528,0.396,1.6,12.1,7.1,29.7,1.6,0.4,12.2,27.8,4.7,-0.6,4,SG
Damion Lee,PHX,0.499,0.5,0.284,2.4,12.8,7.8,11.5,2.1,0,10.7,28.6,-2.9,-2.1,-5.1,SF
D'Angelo Russell,BKN,0.522,0.564,0.227,1.5,11,6.2,31.2,1.9,1.5,13.3,24,0,-0.4,-0.4,SG
Daniel Gafford,DAL,0.716,0,0.486,14.1,20.3,17.2,10.2,0.9,7.1,11.9,19.5,2.7,1.1,3.8,SG
Daniel Theis,NOP,0.558,0.287,0.287,7.4,21.5,14.2,13,1.4,3.1,14.7,11.6,-3.3,0,-3.3,PG
Dante Exum,DAL,0.589,0.396,0.231,1.2,8.3,4.8,21.5,1.6,0.7,13,19.6,-1.2,-1.1,-2.3,SF
DaQuan Jeffries,CHA,0.518,0.564,0.103,3.6,10,6.7,7.2,1.2,2.3,10.3,13.5,-4,-0.7,-4.7,C
Dariq Whitehead,BKN,0.58,0.771,0.052,1.8,12.1,6.7,7.8,1.2,0.4,13.3,20.1,-1.5,-2.2,-3.7,PG
Darius Garland,CLE,0.6,0.451,0.217,2.3,7.6,5,32.2,1.9,0.4,12.8,27.2,3.9,-0.8,3.1,SG
David Roddy,HOU,0.561,0.488,0.208,3.4,19.5,11.2,11.5,1.6,2,13.9,16,-1.6,0.1,-1.5,SF
Davion Mitchell,MIA,0.573,0.443,0.176,1.9,7.1,4.5,24.2,1.7,0.8,20,13.6,-2.8,0.2,-2.6,PG
Day'Ron Sharpe,BKN,0.568,0.142,0.233,17.8,23.8,20.7,16.8,2.3,4.6,15.3,19.9,0,0.9,0.9,PG
De'Aaron Fox,SAS,0.56,0.328,0.273,2.7,12.1,7.4,27.2,2,1.1,11.8,28.3,1.3,-1,0.4,SG
Dean Wade,CLE,0.563,0.819,0.111,4.5,16.6,10.8,7.3,1.6,1.4,7.2,10.4,-1,1.2,0.3,SG
Deandre Ayton,POR,0.583,0.068,0.128,10.9,26,18.2,8.5,1.2,2.9,12.2,19.4,-0.3,-0.4,-0.7,SG
De'Andre Hunter,CLE,0.623,0.509,0.333,2.7,13.4,8.1,7.5,1.4,0.7,8.6,22.8,1.2,-0.8,0.4,PG
DeAndre Jordan,DEN,0.621,0,0.457,14,30.3,22.6,9.5,1.1,3.5,19.2,12.8,-1.4,0.2,-1.2,PG
Dejounte Murray,NOP,0.494,0.352,0.251,1.8,20.1,10.7,34.6,3,1.1,16.2,27.3,-1.3,-0.3,-1.6,SG
Delon Wright,NYK,0.44,0.557,0.191,4.9,6.5,5.7,15,2.7,1.8,13.4,11.3,-2.8,1.4,-1.4,SF
DeMar DeRozan,SAC,0.569,0.196,0.337,2,10.1,6,18.7,1.1,1.1,6.5,25,1.2,-1.2,-0.1,PG
Deni Avdija,POR,0.605,0.405,0.441,5.4,21.2,13.1,19.9,1.6,1.5,16.3,23.2,1.5,0.6,2.1,SG
Dennis Schröder,DET,0.531,0.449,0.261,1.4,9.2,5.2,28.7,1.5,0.6,13.3,21.6,-1.3,-0.9,-2.2,SG
Dereck Lively II,DAL,0.704,0,0.382,13.9,21.3,17.7,14.3,1.2,5.7,15.5,13.6,1.1,2.2,3.3,PG
Derrick Jones Jr.,LAC,0.609,0.372,0.2,5.7,10.1,8,4.6,2.1,1.7,9.3,16.5,-1,0.7,-0.3,C
Derrick White,BOS,0.606,0.721,0.168,2.8,11.5,7.2,20.2,1.4,2.9,11.3,19.8,2.7,0.8,3.5,C
Desmond Bane,ORL,0.6,0.411,0.194,3,16.9,10,23.6,1.7,1.2,13.3,23.3,2.6,0.6,3.2,PG
Devin Booker,PHX,0.589,0.388,0.34,3.1,8.9,6.1,30.6,1.2,0.5,11.9,29.3,2.8,-2.4,0.4,PG
Devin Carter,SAC,0.471,0.48,0.346,5.4,16.2,10.8,13.5,2.6,1,11,17.9,-3.5,0.3,-3.2,SG
Devin Vassell,SAS,0.553,0.483,0.135,1.8,12,6.9,13.8,2,1.5,8.5,22.1,-0.3,-0.8,-1.1,C
Dillon Brooks,HOU,0.555,0.524,0.135,3.3,9.1,6.1,7.4,1.2,0.6,7.4,17.7,-1.4,0,-1.4,SF
Dillon Jones,OKC,0.464,0.474,0.211,6,17.3,11.8,12.6,1.4,0.7,16.2,13.3,-4.3,0.3,-4,PG
Domantas Sabonis,SAC,0.655,0.175,0.324,12.3,32.6,22.4,26,1,1,16.5,21.6,4.2,1.1,5.2,SG
Dominick Barlow,ATL,0.58,0.239,0.292,10,15,12.4,6.9,1.1,3.9,3.8,14.5,-1.4,-0.8,-2.2,PF
Donovan Clingan,POR,0.574,0.147,0.311,17.3,26.1,21.6,8.3,1.2,7.5,15.9,14.2,-1.7,1.4,-0.3,PG
Donovan Mitchell,CLE,0.575,0.48,0.274,2.8,12.5,7.8,23.9,2,0.7,9.2,30.9,3.8,-0.2,3.7,C
Donte DiVincenzo,MIN,0.582,0.739,0.106,2.2,13.3,7.9,20.2,2.2,1,13.8,19.4,0.8,1.1,1.9,PG
Dorian Finney-Smith,LAL,0.604,0.722,0.103,5,10.4,7.7,6.9,1.6,1.2,11,12.3,-1.1,0.1,-1,PF
Doug McDermott,SAC,0.617,0.863,0.043,1,6.2,3.6,2.8,0.6,0.6,4.8,15.7,-0.8,-2.4,-3.2,C
Draymond Green,GSW,0.534,0.483,0.289,3.9,19,11.2,26.2,2.4,3.4,23.3,15.9,-2.3,2.8,0.5,SF
Drew Eubanks,LAC,0.622,0.031,0.366,8.9,24.1,16.5,10.6,0.8,5,15.4,15.1,-1.2,0.6,-0.7,C
Drew Peterson,BOS,0.601,0.805,0.22,5.3,18.1,11.7,9.1,1.3,1,15.1,12.5,-1.8,1,-0.8,SG
Duncan Robinson,MIA,0.595,0.729,0.08,1.1,9.1,5.2,14.7,1.1,0.3,11.1,19.2,-0.7,-1.1,-1.7,PG
Duop Reath,POR,0.552,0.639,0.133,9.9,11.4,10.6,8,1.2,2.7,8.3,17,0.2,-0.5,-0.3,PG
Dwight Powell,DAL,0.713,0.082,0.705,9.5,13.7,11.7,12.5,1.6,3.3,18.4,7.6,-1.5,1.5,0,SF
Dyson Daniels,ATL,0.545,0.255,0.152,5.1,14.2,9.6,17.9,4.2,2,13.6,18.2,-1.1,2.6,1.5,SF
Elfrid Payton,NOP,0.34,0.049,0.057,3.1,13.9,8.3,43.3,2.3,2.1,32.1,15.2,-5.1,-1.3,-6.4,PG
Enrique Freeman,IND,0.507,0.27,0.514,6.8,11.6,9.2,6.1,0.8,1.5,11.7,12.3,-4.9,-1.4,-6.3,C
Eric Gordon,PHI,0.591,0.672,0.235,1.1,5.8,3.4,12,1.7,1.5,11.1,14.4,-0.8,-0.8,-1.6,SF
Evan Mobley,CLE,0.633,0.254,0.337,8.4,24,16.5,15.1,1.4,4.7,12.2,23.2,3.1,1.5,4.6,SG
Franz Wagner,ORL,0.558,0.303,0.268,3,17.1,9.7,26.6,1.9,1,9.6,31,2.6,0.5,3.1,SG
Fred VanVleet,HOU,0.515,0.607,0.181,1.6,9.7,5.6,21.2,2.2,1.1,9.6,17.7,-0.4,1.3,0.9,SG
Gabe Vincent,LAL,0.536,0.736,0.05,1.5,5.2,3.4,8.7,1.6,0.8,8.7,13.5,-3.8,-0.1,-4,PG
Garrett Temple,TOR,0.406,0.467,0.2,4.2,9.7,6.8,17.4,3.6,0.8,13.3,13.9,-5.7,2.1,-3.6,SG
Garrison Mathews,ATL,0.606,0.848,0.304,1.7,10,5.7,9.3,1.5,1.7,9.6,15.9,-1.1,-0.5,-1.6,SF
Gary Harris,ORL,0.524,0.759,0.09,3.1,7.5,5.2,5.8,1.8,1.6,10.9,9.5,-3.9,1.2,-2.7,SF
Gary Payton II,GSW,0.635,0.319,0.128,6,15.8,10.7,13.5,2.7,1.7,11,16.1,-0.5,2,1.4,C
Gary Trent Jr.,MIL,0.591,0.659,0.14,1.2,8.2,4.8,6.4,1.8,0.2,5.7,17.1,-1.2,-0.4,-1.6,PF
Georges Niang,ATL,0.607,0.66,0.094,3.1,14.3,8.7,8.8,0.8,0.8,11.3,17.9,-1.1,-1.2,-2.3,C
GG Jackson,MEM,0.482,0.477,0.201,6.3,14.8,10.6,8.2,1.2,1,12.5,21.7,-3.3,-2,-5.3,SG
Giannis Antetokounmpo,MIL,0.625,0.048,0.536,7.3,29.7,19,36,1.2,3.2,11.2,35.2,6.9,2.5,9.5,SG
Goga Bitadze,ORL,0.631,0.083,0.392,12.7,25,18.6,14.8,1.7,6.6,15.3,14.3,-0.3,2.8,2.5,PF
Gradey Dick,TOR,0.543,0.504,0.24,2.9,10.3,6.5,8.9,1.5,0.6,10.4,21,-1.9,-1.3,-3.2,SF
Grayson Allen,PHX,0.631,0.716,0.233,2.5,11.3,7,12.5,1.7,1.2,12.2,17.6,0.7,-1,-0.3,PF
Guerschon Yabusele,PHI,0.616,0.487,0.245,7.7,16.3,11.8,11.6,1.5,1.2,12.2,16.3,0.1,-1.1,-1,C
Gui Santos,GSW,0.575,0.575,0.235,9.9,14.5,12.1,14.2,1.6,1.2,17.5,13.2,-2.2,0.5,-1.7,PF
Harrison Barnes,SAS,0.656,0.527,0.291,4.7,10.3,7.4,8.6,0.8,0.6,6.1,15.7,1.7,-1.7,0,PF
Haywood Highsmith,MIA,0.583,0.596,0.11,4.4,10.8,7.7,8.4,1.9,2,11.6,11.3,-2.7,0.9,-1.9,SG
Herbert Jones,NOP,0.541,0.419,0.233,3.6,9.6,6.5,13.8,2.8,1.3,15.6,14.6,-3.9,0.2,-3.6,SF
Hunter Tyson,DEN,0.506,0.617,0.233,7.2,13.9,10.7,6.1,1.2,1.3,9.6,15.5,-3.3,-1.5,-4.8,C
Immanuel Quickley,TOR,0.57,0.514,0.292,1.8,12.1,6.8,31.5,1.2,0.4,10.5,25.1,3.2,-1,2.2,C
Isaac Jones,SAC,0.678,0.096,0.434,8.1,12.9,10.5,5.6,0.8,3.2,13.9,16.3,-0.9,-0.8,-1.7,SG
Isaac Okoro,CLE,0.587,0.566,0.172,5.2,8.1,6.7,8,1.5,1.4,7.4,12.5,-1.1,0.6,-0.5,PF
Isaiah Collier,UTA,0.494,0.305,0.277,1.9,11.8,6.9,34.3,1.7,0.8,25,18.9,-3.8,-1.5,-5.3,PG
Isaiah Hartenstein,OKC,0.599,0.04,0.244,11.2,29.6,20.6,18.3,1.4,3.9,15.3,16.7,0.6,2.6,3.2,SG
Isaiah Joe,OKC,0.617,0.793,0.095,2.8,10.1,6.6,9.7,1.4,0.6,5.8,17.2,1.4,-0.1,1.3,PF
Isaiah Stewart,DET,0.616,0.168,0.276,10.1,20.6,15.4,11.3,0.9,6.7,16.1,12.4,-1.6,2.1,0.6,SF
Isaiah Wong,CHA,0.5,0.314,0.324,5.5,7.4,6.4,16.5,2,0,13,22.1,-2.9,-1,-4,PF
Ivica Zubac,LAC,0.641,0,0.251,13.1,30.2,21.8,12.8,1,3.4,10.8,19.5,2.3,0.8,3.1,SG
Ja Morant,MEM,0.563,0.321,0.359,2.4,11.8,7.1,36,1.9,0.7,15.2,32.2,3.1,-0.7,2.4,PF
Jabari Smith Jr.,HOU,0.562,0.489,0.223,6.4,18.6,12.4,4.7,0.7,2.1,8.9,16.4,-0.8,0.1,-0.7,SF
Jabari Walker,POR,0.601,0.314,0.31,8.3,22.6,15.3,7.2,2.1,0.7,11.6,16.3,-1.2,0.5,-0.8,PG
Jaden Hardy,DAL,0.549,0.476,0.208,1.1,9.4,5.3,13.2,1.5,0.5,15.4,25.3,-2.8,-1.9,-4.7,PG
Jaden Ivey,DET,0.569,0.373,0.281,5,10.3,7.6,19.7,1.5,1.2,16.1,26,0.8,-0.8,0,SG
Jaden McDaniels,MIN,0.562,0.363,0.153,5.6,14.2,10,9,2.1,2.6,9.6,16.3,-1.4,1.4,0,SG
Jaden Springer,UTA,0.511,0.533,0.422,5.1,12.1,8.6,12.1,3.2,1,13,14.3,-4.3,1.6,-2.7,SG
Jae'Sean Tate,HOU,0.557,0.311,0.318,8.9,12.4,10.6,10.5,2.2,1.1,11.5,13.3,-2.1,1.4,-0.7,SG
Jaime Jaquez Jr.,MIA,0.543,0.258,0.307,6.8,16.5,11.7,17.9,2.2,1,15.7,20.2,-1.4,0.5,-0.9,SG
Jake LaRavia,SAC,0.591,0.421,0.341,7.2,13.3,10.3,14.6,2.2,1.6,18.2,14.4,-0.8,1.1,0.2,PF
Jakob Poeltl,TOR,0.641,0.005,0.249,11.7,23.3,17.4,14.5,1.9,4,14.7,18.7,0.7,1.3,2,PF
Ja'Kobe Walter,TOR,0.523,0.473,0.211,5.6,10.1,7.8,10.2,1.9,0.9,10.4,18.2,-2.3,-0.6,-3,PF
Jalen Brunson,NYK,0.605,0.331,0.373,1.4,7.9,4.7,32.3,1.3,0.3,10.5,29.5,4.7,-1.3,3.3,C
Jalen Duren,DET,0.703,0,0.443,15.2,28.7,22,14.7,1.3,4.2,17.2,16.4,1.6,1.5,3.1,SG
Jalen Green,HOU,0.544,0.46,0.234,1.7,13.4,7.4,16,1.3,0.9,11.4,27.3,1.1,-0.5,0.5,PF
Jalen Johnson,ATL,0.569,0.26,0.232,5.2,26,15.3,20.5,2,2.6,15.1,22.5,0.5,1.4,1.8,SG
Jalen Pickett,DEN,0.545,0.561,0.044,2.6,8.8,5.9,19.5,1.4,0.7,11.6,13.2,-0.8,-0.7,-1.5,C
Jalen Smith,CHI,0.586,0.544,0.218,9.9,28.7,19.5,9.7,0.8,4,7.6,21,1.5,-0.6,0.9,PF
Jalen Suggs,ORL,0.536,0.503,0.229,2.5,14.2,8.1,21.6,2.5,3.2,16.2,27.5,-0.8,1.3,0.4,PF
Jalen Williams,OKC,0.573,0.291,0.256,2.9,14.6,8.8,23.4,2.4,2.1,10.3,27.5,2.7,1.4,4,SF
Jalen Wilson,BKN,0.541,0.584,0.266,4,11.4,7.5,10.8,1,0.2,10.2,16.6,-2.6,-1.3,-3.9,SF
Jamal Cain,NOP,0.544,0.506,0.316,5.6,12.8,9.1,6.2,2.2,1.7,10.9,17,-2.5,-0.8,-3.4,SF
Jamal Murray,DEN,0.584,0.354,0.219,2.2,9.3,5.9,23.2,1.8,1.2,10.1,24,1.8,-1,0.8,PF
Jamal Shead,TOR,0.499,0.442,0.137,2.1,6.4,4.2,29.8,1.9,0.7,18,18.6,-3.2,-0.9,-4.1,PG
James Harden,LAC,0.582,0.516,0.446,2.3,16.1,9.3,36.8,2.1,2,18,29.6,3.5,0.8,4.3,PF
Jamison Battle,TOR,0.59,0.746,0.052,3.7,12.8,8.1,7.1,0.8,0.9,7.1,15.3,-0.9,-1.3,-2.3,SG
Jarace Walker,IND,0.59,0.514,0.192,2.4,19,10.8,12.2,2.2,1.9,16.7,17.1,-1.8,0.8,-0.9,PG
Jared Butler,PHI,0.549,0.373,0.201,2.5,9.3,5.8,33.8,2,1.2,14,23.6,0.5,-1.5,-1,SF
Jared McCain,PHI,0.589,0.485,0.204,2.4,8.6,5.4,16.7,1.2,0,11,24.7,1.8,-1.6,0.2,C
Jaren Jackson Jr.,MEM,0.591,0.321,0.328,4.4,15.5,10,10.1,1.9,4.7,9.9,28.1,1.6,0.8,2.3,C
Jarred Vanderbilt,LAL,0.537,0.264,0.298,13.6,21.5,17.6,9.4,3,1.6,17.5,12.5,-2.3,1.3,-1,SG
Jarrett Allen,CLE,0.724,0.008,0.433,10.5,26.7,18.8,9.5,1.6,2.9,11.3,15.9,3,1.2,4.2,PF
Javonte Green,CLE,0.541,0.491,0.265,5,13.9,9.4,5.9,2.5,2.4,9.1,11.8,-2.8,0.5,-2.3,PG
Jaxson Hayes,LAL,0.72,0.013,0.439,8.3,19.1,13.9,7.5,1.4,4.4,13.9,12.4,-1.6,1.3,-0.3,C
Jay Huff,MEM,0.666,0.656,0.184,4.3,13.9,9.1,7,1,6.9,9.3,19.6,2.5,1,3.5,SG
Jaylen Brown,BOS,0.555,0.32,0.288,4.1,14.4,9.3,21.4,1.7,0.8,11.4,28.9,0.4,-0.4,0,C
Jaylen Clark,MIN,0.598,0.425,0.308,5.6,5.6,5.6,6.7,3.4,0.4,5.5,12,-2.9,2.7,-0.2,PG
Jaylen Wells,MEM,0.56,0.58,0.2,4.6,9.3,6.9,8.4,1,0.4,8.6,15.9,-1.2,-1,-2.2,PF
Jaylin Williams,OKC,0.594,0.692,0.136,6.7,28.7,17.9,19,1.3,3.7,13,14.6,1.5,2.7,4.3,PF
Jaylon Tyson,CLE,0.523,0.389,0.161,9.1,13.7,11.5,12.4,1.4,0.6,14,17.4,-2.4,-0.2,-2.7,PF
Jayson Tatum,BOS,0.582,0.497,0.3,2,23.7,12.9,27,1.5,1.3,11.2,31.2,4.4,0.8,5.2,PF
Jeff Dowtin Jr.,PHI,0.57,0.304,0.196,2.1,9.1,5.5,19.6,1.9,1.9,5.7,18.6,0.7,-0.5,0.2,SF
Jeff Green,HOU,0.649,0.653,0.215,2.9,12.9,7.8,7,0.7,0.9,6.4,14.7,0.3,0,0.4,SG
Jerami Grant,POR,0.523,0.516,0.289,1.8,10,5.8,9.5,1.3,2.7,9.1,19.4,-1.4,-0.3,-1.6,SG
Jeremiah Robinson-Earl,NOP,0.563,0.473,0.159,9.3,18.4,13.7,9.9,1.5,0.5,12.1,14.4,-0.9,-1.6,-2.5,PF
Jeremy Sochan,SAS,0.589,0.194,0.267,10,17.7,13.8,13.7,1.6,1.8,13.8,19,-0.8,-0.4,-1.2,PG
Jericho Sims,MIL,0.639,0,0.183,12.9,22,17.6,6.4,0.8,2.8,30.1,7.6,-3.1,0.1,-3,PF
Jett Howard,ORL,0.491,0.71,0.088,3.1,8.6,5.7,9.6,0.9,1.5,11.7,19.2,-4.1,-1.2,-5.3,SF
Jevon Carter,CHI,0.509,0.719,0.068,1.3,11.2,6.4,17.2,1.9,0.8,6.8,21,-1,-1.1,-2.1,C
Jimmy Butler,GSW,0.626,0.174,0.657,7.7,10.8,9.2,25.5,2.2,1,8.8,20.8,4,1,4.9,PG
Jock Landale,HOU,0.59,0.171,0.263,11.7,17.6,14.6,10.3,1.3,1.8,11,15.7,0,0.4,0.4,SF
John Collins,UTA,0.628,0.279,0.309,7.9,20.9,14.4,10.8,1.5,3.1,14.6,24.2,1.4,-0.4,1,PF
John Konchar,MEM,0.592,0.681,0.088,7.1,21.4,14.3,8.8,2.5,2.3,14.5,8,-0.7,2.3,1.7,C
Johnny Davis,WAS,0.473,0.372,0.192,4.3,12.1,8.2,6.6,2.9,2.2,7.6,15.9,-3.5,0.7,-2.8,SG
Johnny Furphy,IND,0.506,0.543,0.239,6.8,14,10.4,6.2,2.3,2.6,10.6,13,-3,0.6,-2.5,SF
Johnny Juzang,UTA,0.573,0.661,0.112,3.6,12,7.8,7.9,1.5,0.6,6.7,17.6,-0.9,-1.4,-2.3,PG
Jonas Valan?i?nas,SAC,0.602,0.059,0.263,13.3,30.7,22,17.6,1.2,2.8,14.6,22.8,0.8,-0.1,0.6,C
Jonathan Isaac,ORL,0.512,0.466,0.33,12,21.5,16.5,5.5,2.8,7,8.2,16.2,-1.1,1.8,0.7,SG
Jonathan Kuminga,GSW,0.535,0.266,0.414,5.1,15.6,10.2,14.6,1.6,1.7,9.6,27.4,-0.5,-0.1,-0.6,SG
Jonathan Mogbo,TOR,0.496,0.197,0.23,8.9,17.3,13,15.3,2.1,2.5,15.1,15,-2.9,1,-1.9,SF
Jordan Clarkson,UTA,0.54,0.471,0.29,2.8,10.4,6.6,22.9,1.5,0.9,13.4,27.8,0.6,-2.1,-1.5,SF
Jordan Goodwin,LAL,0.541,0.472,0.076,8.1,14.9,11.6,10.5,2.7,1.9,14.9,14.1,-1.7,0.8,-0.8,SG
Jordan Hawkins,NOP,0.504,0.597,0.176,2,11.2,6.5,7.3,1.1,1.7,8.8,21,-2.4,-3,-5.4,C
Jordan McLaughlin,SAS,0.6,0.639,0.306,2.1,8.5,5.3,21,2.5,0.3,16.4,13.3,-1.6,0,-1.6,PG
Jordan Miller,LAC,0.509,0.284,0.261,6.3,9.3,7.8,11.2,2,1.2,14.8,18.2,-3,0.2,-2.8,SG
Jordan Poole,WAS,0.591,0.588,0.259,1.6,9,5.3,25.6,2,1.2,14.8,29,2,-1.6,0.4,PF
Jordan Walsh,BOS,0.464,0.663,0.145,6.2,12.4,9.3,6,1.5,2.5,16.1,11.5,-4.4,0.5,-3.9,SF
Jose Alvarado,NOP,0.523,0.593,0.142,2.1,8.9,5.4,27.3,2.6,1,13.4,19.8,-0.6,-0.8,-1.4,PG
Josh Giddey,CHI,0.57,0.348,0.281,6.4,21.4,14,32.9,1.9,1.8,18.4,21.7,1.9,1.1,3,PG
Josh Green,CHA,0.559,0.589,0.171,3.1,6.7,4.9,8.2,1.9,0.8,13.4,11.8,-4.5,0.2,-4.3,PG
Josh Hart,NYK,0.611,0.327,0.266,6.4,22.6,14.6,20.7,2,0.9,15.5,15.3,1.1,1.8,2.8,PG
Josh Minott,MIN,0.605,0.478,0.211,4.9,13.8,9.4,9.5,2.7,4,10.1,17.2,-0.7,2.9,2.2,PF
Josh Okogie,CHA,0.567,0.434,0.401,8,11.8,9.9,7.9,3.8,2.8,11.1,19.5,-0.1,1.6,1.5,C
Jrue Holiday,BOS,0.565,0.534,0.134,4.4,10.8,7.6,17.3,1.7,1.3,11.3,15.8,-0.3,1,0.7,SF
JT Thor,WAS,0.517,0.356,0.373,8.4,11.8,10.1,3.3,1.5,3.2,11.6,13.1,-4.3,-1.1,-5.4,PF
Julian Champagnie,SAS,0.577,0.722,0.141,3.7,13.9,8.8,7.9,1.5,1.6,9.5,17.2,-0.3,-0.9,-1.3,SG
Julian Phillips,CHI,0.571,0.533,0.265,6.4,9.4,7.9,4.4,1.6,1.5,7.8,12.9,-2.6,-0.4,-3,SG
Julian Strawther,DEN,0.559,0.553,0.185,1.4,9.5,5.6,7.6,1.4,1,9.8,17.8,-3.1,-1.4,-4.5,SG
Julius Randle,MIN,0.593,0.334,0.357,7.3,16.8,12.1,22.5,1,0.7,15.3,25,1.5,-0.2,1.3,C
Justin Champagnie,WAS,0.614,0.47,0.178,8.6,18.6,13.6,6.8,2.3,2.6,10.9,15.6,-0.3,-0.2,-0.5,PF
Justin Edwards,PHI,0.559,0.503,0.122,4.3,10.4,7.3,8.9,1.9,1.4,11,16.9,-2.1,-1.6,-3.7,C
Jusuf Nurki?,CHA,0.555,0.298,0.364,8.8,32,20.5,16.8,1.9,3.1,19.2,20.6,-2.2,0.9,-1.3,SG
Kai Jones,DAL,0.804,0.046,0.294,9.6,19.7,14.8,7.9,1.6,4.6,12.8,13,1.4,1.5,2.9,C
Karl-Anthony Towns,NYK,0.63,0.278,0.337,9.8,32,21,13.8,1.4,1.9,12.1,27.4,3.5,0.1,3.6,C
Karlo Matkovi?,NOP,0.639,0.281,0.187,8.5,20.4,14.2,8.6,1.3,5,14.5,15.9,-1.9,-0.2,-2,SF
Kawhi Leonard,LAC,0.589,0.305,0.194,3.4,17.4,10.5,16.4,2.5,1.4,9.6,27.7,2.5,0.6,3.1,SG
Keaton Wallace,ATL,0.503,0.506,0.068,1.5,9.6,5.5,21,2.6,1.7,16.5,16.4,-3.3,1,-2.3,SF
Keegan Murray,SAC,0.553,0.548,0.088,6.3,15.5,10.9,5.6,1.1,2.6,6.6,15,-0.8,-0.8,-1.6,SG
Keldon Johnson,SAS,0.572,0.356,0.252,6.5,15.1,10.8,10.2,1.3,1.1,8.3,21.6,0,-1.6,-1.6,SG
Kel'el Ware,MIA,0.603,0.239,0.144,9.1,27.5,18.4,6.5,1.4,4.8,10.4,17.2,-0.7,0.6,-0.1,SG
Kelly Olynyk,NOP,0.609,0.295,0.403,7.3,17.9,12.4,20.5,1.8,2,19.4,18.5,-1.1,0.4,-0.7,PF
Kelly Oubre Jr.,PHI,0.551,0.327,0.25,5.1,15.4,10,7.9,2.2,1.4,8.9,18.9,-1.7,-0.6,-2.3,SG
Kenrich Williams,OKC,0.587,0.483,0.11,6.3,16.3,11.4,11,1.8,0.9,9.5,15.4,-0.4,0.9,0.6,PF
Kentavious Caldwell-Pope,MEM,0.574,0.607,0.175,1.6,7.2,4.3,8.7,2.2,1.4,9.6,12.4,-3,1.6,-1.4,PG
Keon Ellis,SAC,0.664,0.692,0.185,3.4,8.8,6.1,8,3,3.2,12.4,12.7,-0.1,2,1.9,PG
Keon Johnson,BKN,0.499,0.515,0.178,3.5,14.5,8.8,14.6,2.1,1.5,12.1,21.7,-3.1,-0.1,-3.3,PG
Kessler Edwards,DAL,0.597,0.4,0.096,4,16.3,10.3,9.1,1.5,2.8,10.2,11.1,-2,0.6,-1.4,PF
Kevin Durant,PHX,0.642,0.331,0.321,1.2,16.9,9.2,19.6,1.1,3.2,12.9,28.7,3.9,-0.7,3.2,PF
Kevin Huerter,CHI,0.544,0.647,0.081,2,11.3,6.7,12.6,1.9,1.3,9.7,17.5,-1.8,-0.2,-2,PF
Kevin Love,MIA,0.488,0.583,0.2,9.8,31.4,20.7,13.1,3,1.5,10.1,24.6,-0.3,0.7,0.4,PF
Kevin Porter Jr.,MIL,0.531,0.271,0.259,3.2,17.3,10.4,25.9,2.7,0.9,15.8,25.4,-1.6,0.9,-0.6,C
Kevon Looney,GSW,0.535,0.018,0.356,16.9,26.9,21.8,14.3,2,3.1,10.8,13.3,-1,1.3,0.3,C
Keyonte George,UTA,0.539,0.552,0.31,1.3,11.5,6.5,26.9,1,0.4,14.9,24.3,-0.2,-2.5,-2.7,SF
Khris Middleton,WAS,0.588,0.395,0.249,1.7,15.4,8.7,26.8,2,0.9,13,22,0.4,0.3,0.7,PG
KJ Martin,UTA,0.618,0.289,0.234,3.6,11.8,7.6,7.4,0.9,2.3,9.8,11.5,-3.2,-0.3,-3.6,SF
KJ Simpson,CHA,0.437,0.432,0.166,4.8,9,6.9,19.8,2,0.7,14.8,19.1,-4.5,-0.9,-5.4,C
Klay Thompson,DAL,0.552,0.631,0.084,2.5,11,6.8,10.7,1.2,1.3,8.8,21.8,0.7,-1.6,-1,SF
Kobe Brown,LAC,0.513,0.361,0.097,8,18.9,13.5,11.9,1.3,1.5,13.8,14,-2.5,0.4,-2.1,C
Kris Dunn,LAC,0.531,0.513,0.05,3.4,12.4,8,15.6,3.5,1.5,14.2,12.7,-2.8,3.4,0.6,PF
Kris Murray,POR,0.472,0.43,0.204,7.7,11.3,9.5,9,1.6,1.5,12.4,13.9,-3.1,0.1,-3,SG
Kristaps Porzi??is,BOS,0.618,0.436,0.347,6.1,19.3,12.8,11.4,1.3,4.8,7.4,25.9,3.5,1.2,4.7,SG
Kyle Anderson,MIA,0.538,0.231,0.215,5.7,16.8,11.2,20.7,2,3.1,10,15.9,-0.6,2.2,1.5,SG
Kyle Filipowski,UTA,0.594,0.425,0.276,8,23.1,15.6,13.9,1.5,1.4,14.9,18.7,-0.6,-0.3,-1,SG
Kyle Kuzma,MIL,0.514,0.369,0.238,3,17.1,10.2,12.1,0.9,0.9,13.5,24,-2.9,-2,-4.9,C
Kyle Lowry,PHI,0.525,0.752,0.282,1.8,10,5.8,19.2,2.5,1.6,13.8,10.1,-2.8,1.5,-1.3,PF
Kyrie Irving,DAL,0.594,0.38,0.226,3.7,10.6,7.2,20.5,1.8,1.1,9.7,27.4,3.9,-0.5,3.4,PF
Kyshawn George,WAS,0.503,0.648,0.17,2.8,13.7,8.2,13.3,1.8,2.5,14.2,15.9,-3.8,-0.3,-4.1,PF
LaMelo Ball,CHA,0.536,0.526,0.228,3.3,13.4,8.2,43.8,1.8,0.8,13.1,35.9,4.1,-0.9,3.2,SG
Landry Shamet,NYK,0.601,0.678,0.078,1.7,7.5,4.6,4.7,1.5,0.2,8.5,14.8,-1.9,-0.6,-2.4,PG
Larry Nance Jr.,ATL,0.632,0.49,0.084,5.3,19.4,12.2,11.3,2,2.6,9.1,15.7,1.1,0.7,1.8,SG
Lauri Markkanen,UTA,0.571,0.57,0.264,5.3,14.9,10.1,7.5,1.1,1.1,7.8,24,1.8,-2.1,-0.3,PG
LeBron James,LAL,0.604,0.312,0.261,3.4,21.2,12.6,40.3,1.4,1.5,15.5,30.1,4.9,0.7,5.6,SF
Lindy Waters III,DET,0.504,0.747,0.044,2.7,12.8,7.6,9.1,1.7,1.3,7.3,14.8,-3,0.2,-2.8,SG
Lonnie Walker IV,PHI,0.548,0.599,0.142,1.4,14.1,7.5,16.5,1,1,10,22.8,0,-2.4,-2.4,PF
Lonzo Ball,CHI,0.524,0.802,0.111,3.4,12.3,8,18.9,2.8,1.9,13.9,15.9,-1.5,1.7,0.2,PG
Luguentz Dort,OKC,0.586,0.696,0.078,4.7,10.3,7.6,6.9,1.8,1.9,7.7,13.6,-0.6,0.8,0.2,SG
Luka Don?i?,LAL,0.587,0.469,0.385,2.6,22.6,12.8,36.1,2.5,1.1,13,33.9,5.5,1.2,6.7,PG
Luka Garza,MIN,0.573,0.343,0.333,16,11.5,13.7,8.2,1.4,1.3,9.1,26.2,-0.4,-1.9,-2.3,SG
Luke Kennard,MEM,0.631,0.606,0.132,2.7,10.4,6.6,18.5,1.6,0.3,13.6,14.5,0.9,0.2,1.1,SG
Luke Kornet,BOS,0.683,0.011,0.346,15.2,15.8,15.5,11.9,1.3,4.8,8.8,11.4,1.6,1.7,3.3,SF
Malaki Branham,SAS,0.575,0.442,0.174,1.8,11.1,6.4,13.4,1.2,0.4,14.3,23.8,-1.2,-1.9,-3.2,SG
Malcolm Brogdon,WAS,0.544,0.233,0.383,3.9,13,8.4,27.4,1.1,0.8,11.9,23.7,-0.1,-1.5,-1.5,SG
Malik Beasley,DET,0.59,0.715,0.131,2.3,8,5.2,8.9,1.5,0.2,6.8,22.5,2,-1.2,0.8,PG
Malik Monk,SAC,0.549,0.456,0.19,1.6,11.7,6.7,25.7,1.5,1.8,13.5,24.6,0.3,-1.1,-0.8,PF
Marcus Sasser,DET,0.589,0.514,0.172,2.5,6.9,4.7,22.9,2.2,0.5,14.5,19.4,-0.4,-0.2,-0.6,SF
Marcus Smart,WAS,0.529,0.549,0.276,2.8,8.3,5.6,21.7,2.7,1.2,15.8,20.6,-1.6,0.1,-1.5,SF
MarJon Beauchamp,NYK,0.535,0.446,0.308,8,22.6,15.6,10.2,1.2,0.6,16.9,24.9,-2.7,-1.6,-4.3,SG
Mark Williams,CHA,0.647,0.009,0.365,11.8,29.3,20.3,16.5,1.3,4.5,12,21.4,2.5,0.9,3.5,PF
Markelle Fultz,SAC,0.452,0.119,0.015,3.6,8.5,6.1,20,2.7,1.1,18.2,19.3,-4.5,-0.2,-4.7,SF
Marvin Bagley III,MEM,0.56,0.179,0.33,15,18.2,16.6,6.5,1.6,2.7,9,20.9,0.4,-1.6,-1.2,SF
Mason Plumlee,PHX,0.645,0.02,0.634,10.2,28.4,19.5,13.6,1.3,3.4,18.6,10.8,-1.5,1,-0.6,SF
Matas Buzelis,CHI,0.571,0.479,0.195,3.9,15.2,9.6,7.2,0.9,4.3,10.9,18.7,-2,-0.5,-2.5,C
Max Christie,DAL,0.57,0.532,0.258,2,11.2,6.7,9.2,1.5,1.3,11.8,15.2,-2.1,-0.5,-2.5,C
Max Strus,CLE,0.607,0.786,0.091,4.6,13.6,9.2,15.6,1,0.9,12.2,14.7,1.1,0.2,1.3,C
Maxi Kleber,LAL,0.489,0.51,0.219,4.4,11.7,8.1,8.3,0.7,2.3,17.9,8.7,-4.2,0.4,-3.8,PF
Maxwell Lewis,BKN,0.516,0.463,0.093,6,13.5,9.5,9,1.4,2.1,11.1,16.9,-3.2,-1.1,-4.4,SF
Micah Potter,UTA,0.563,0.726,0.148,6.6,18.4,12.5,5.8,1,1.9,17.7,10.3,-2.9,-0.6,-3.5,PG
Michael Porter Jr.,DEN,0.617,0.467,0.185,6.1,16.2,11.4,8.7,0.9,1.3,8.4,20.2,1.6,-1.7,-0.1,PF
Mikal Bridges,NYK,0.585,0.391,0.1,2.7,7,4.9,14.4,1.2,1.3,9.7,19.6,0.4,-0.9,-0.5,SF
Mike Conley,MIN,0.573,0.662,0.192,2.1,9.3,5.7,24.5,2.2,0.7,12.9,14.4,-0.1,1.3,1.2,SF
Miles Bridges,CHA,0.541,0.413,0.233,3.7,21.9,12.6,21.7,1.1,2.2,10.2,28,2.3,-0.5,1.8,C
Miles McBride,NYK,0.531,0.57,0.117,3.4,8.1,5.8,15.6,2.1,1,6.7,16.8,-0.4,0.4,0,C
Mo Bamba,NOP,0.557,0.482,0.241,8.8,30.5,19.7,6,1.1,7.4,13.9,15.2,-2.7,1.9,-0.9,SF
Monte Morris,PHX,0.546,0.441,0.215,2.4,10.5,6.5,18.1,1.7,0.5,9,18.1,-1,-0.8,-1.8,PF
Moritz Wagner,ORL,0.649,0.301,0.442,7.7,23.1,15,13.7,2.1,2,14.1,26.8,2.6,1.4,4,SG
Moses Moody,GSW,0.578,0.593,0.234,3.3,9.2,6.2,8.3,1.7,1.8,7.9,17.4,-0.9,0,-0.9,SG
Mouhamed Gueye,ATL,0.52,0.474,0.246,8.8,20,14.3,6.6,2.5,5.7,7.3,15.7,-1.6,1,-0.6,SG
Moussa Diabaté,CHA,0.609,0.021,0.414,15.7,22,18.8,6.8,1.8,3.2,15.6,13.4,-1.4,-0.4,-1.9,SF
Myles Turner,IND,0.612,0.486,0.293,4.7,19.4,12.1,7.1,1.2,6,11.8,20.7,0,0.4,0.4,SF
Naji Marshall,DAL,0.584,0.306,0.225,4.4,14,9.3,15.8,1.8,0.5,12.5,20,-0.3,-0.5,-0.8,PF
Nate Williams,HOU,0.496,0.419,0.129,3.6,5.9,4.7,8.8,2.6,2.4,17.6,22.3,-5.5,-0.2,-5.7,SG
Naz Reid,MIN,0.577,0.501,0.155,4.7,19.3,12.1,12.6,1.3,3,9.9,21.5,0.8,0.8,1.6,SF
Neemias Queta,BOS,0.674,0.015,0.3,11.2,18.5,14.9,7.4,1,4.5,14.8,13.7,-1.7,1,-0.7,PF
Nic Claxton,BKN,0.569,0.037,0.271,9,22.7,15.5,13.7,1.6,5.3,12,16.8,-1.1,1.5,0.4,SF
Nick Richards,PHX,0.634,0.006,0.461,13.1,27.5,20.4,5.9,0.5,4.2,16.3,17.3,-2,-1.3,-3.3,SG
Nick Smith Jr.,CHA,0.502,0.539,0.081,1,9.1,5,16.7,0.6,0.4,12.2,20.8,-3.2,-2.6,-5.7,C
Nickeil Alexander-Walker,MIN,0.579,0.601,0.192,2.9,11.1,7.1,15,1.2,1.5,12.9,16,-0.8,0.4,-0.4,PG
Nicolas Batum,LAC,0.633,0.853,0.088,4,14,9,7.8,1.9,2.6,12.1,9,-1.2,2,0.8,SF
Nikola Joki?,DEN,0.663,0.243,0.331,9,28.2,19.1,44.1,2.4,1.6,12.8,29.5,9.9,3.3,13.3,PG
Nikola Jovi?,MIA,0.595,0.557,0.231,2.5,14.6,8.6,16.6,1.6,1.1,12.6,18.3,-0.3,0.6,0.3,PF
Nikola Vu?evi?,CHI,0.611,0.309,0.144,8.3,25.2,16.9,17.1,1.2,2,9.7,22.4,2.5,0.1,2.6,PG
Noah Clowney,BKN,0.516,0.702,0.215,4.5,15.8,9.9,5.9,1.1,2,10.2,19,-3.1,-1,-4.1,SF
Norman Powell,LAC,0.615,0.453,0.28,1.2,9.6,5.5,10.2,1.8,0.5,9.2,26.1,1.7,-0.2,1.5,PF
Obi Toppin,IND,0.642,0.503,0.19,4.1,18.7,11.5,11.9,1.4,1.6,9.5,20.1,1.8,-0.1,1.7,SG
Ochai Agbaji,TOR,0.601,0.474,0.09,3.7,11.4,7.5,7.9,1.6,1.6,8.9,14.6,-0.9,0.2,-0.7,PG
OG Anunoby,NYK,0.591,0.448,0.22,4.2,11,7.6,8.5,2,2.2,8.3,19.7,0.7,0.1,0.7,SF
Olivier-Maxence Prosper,DAL,0.484,0.293,0.437,8.4,15,11.8,9.1,2.2,0.9,6.3,16.3,-1.6,-0.5,-2.1,C
Onyeka Okongwu,ATL,0.634,0.216,0.316,11.4,24,17.5,11.4,1.6,3,10.4,17.3,1.2,0.2,1.3,PF
Orlando Robinson,TOR,0.519,0.199,0.268,12.1,18.7,15.4,14,1.1,2,14.4,18.5,-3,-0.4,-3.4,C
Oso Ighodaro,PHX,0.61,0.011,0.267,7.2,16.2,11.9,9.1,1.3,2.6,15.7,10.5,-2.9,0.3,-2.6,PF
Ousmane Dieng,OKC,0.538,0.568,0.128,4.9,16.3,10.7,9.6,2,1.7,12,15.7,-2,1.1,-0.9,PG
P.J. Washington,DAL,0.556,0.359,0.298,5,20.9,13.1,10.1,1.7,2.8,13.6,20.4,-1.1,0.2,-0.9,C
Paolo Banchero,ORL,0.551,0.299,0.423,3.5,22.4,12.5,26,1.1,1.7,11.2,33.6,3.4,0.2,3.5,SG
Pascal Siakam,IND,0.599,0.274,0.261,5.9,17.6,11.8,15.7,1.3,1.5,7.6,24.2,2.2,-0.5,1.7,SG
Pat Connaughton,MIL,0.567,0.458,0.175,3.6,15.6,9.8,15.8,0.7,1.7,11.2,15.6,-1.4,-0.8,-2.3,PF
Pat Spencer,GSW,0.455,0.218,0.149,6.3,13.7,9.9,28.1,2.7,1.1,14.3,21.2,-3,1.4,-1.6,PG
Patrick Baldwin Jr.,LAC,0.721,0.657,0.114,4.8,19.7,12.3,4.6,1.3,1.7,12,16.4,2.4,-0.9,1.5,SG
Patrick Williams,CHI,0.512,0.527,0.161,2.9,12.7,7.9,10.3,1.4,1.8,13.5,16.9,-3,-0.7,-3.7,PF
Patty Mills,LAC,0.543,0.781,0.146,1.4,6,3.7,11.1,1.9,0.9,14.3,15.6,-3.2,0,-3.2,PF
Paul George,PHI,0.543,0.47,0.17,2,17.2,9.3,20.9,2.8,1.5,14.7,23.5,-0.5,0.1,-0.4,SF
Paul Reed,DET,0.573,0.197,0.296,10.2,20.8,15.6,14,4.3,5.4,13.9,18,-1.2,4,2.9,SF
Payton Pritchard,BOS,0.633,0.723,0.097,4.9,9.8,7.3,18.1,1.5,0.6,8.4,19,3.4,0.2,3.5,SG
Pelle Larsson,MIA,0.546,0.468,0.3,4,9,6.5,11.6,2,0.9,9.5,14.4,-3.8,0.7,-3.1,C
Peyton Watson,DEN,0.564,0.318,0.32,3.3,11.8,7.7,7,1.4,5,10.3,13.9,-2.1,0.3,-1.8,SG
Precious Achiuwa,NYK,0.53,0.11,0.211,10,21,15.5,6.2,2,3.3,11.2,14.9,-2.1,0.2,-1.9,SG
Quentin Grimes,PHI,0.595,0.512,0.26,3.2,14.7,8.9,17.7,1.8,1,13.3,22.8,1.3,-0.9,0.4,PG
Quenton Jackson,IND,0.58,0.328,0.328,4.1,8.7,6.4,18.6,2.6,1.2,10.3,17.7,-1.2,0.8,-0.3,SF
Quinten Post,GSW,0.595,0.653,0.099,5.3,18.3,11.6,12.2,1.1,2.5,10.3,19.6,0.1,0,0.1,PG
Rayan Rupert,POR,0.499,0.415,0.211,6,10.6,8.2,7.6,1.7,0.8,16.2,16.8,-4.1,-0.6,-4.7,C
Reece Beekman,BKN,0.4,0.374,0.196,3,6.6,4.7,19.1,3.5,0.4,15.3,12.8,-6.7,1.3,-5.4,SG
Reed Sheppard,HOU,0.465,0.594,0.067,2.6,10.3,6.4,15.2,2.6,2.3,13.1,17.8,-3,1.3,-1.7,C
Reggie Jackson,PHI,0.496,0.556,0.068,2.3,10.4,6.2,17.1,2.1,0.8,11,17.5,-3.2,-0.8,-4,SG
Richaun Holmes,WAS,0.695,0.022,0.432,12,22.5,17.2,12.1,0.8,3.9,11.3,14.7,1.2,0,1.1,SG
Ricky Council IV,PHI,0.502,0.46,0.33,4.4,15.4,9.7,11.4,1.3,1,8.9,20.3,-2,-2.3,-4.3,PG
RJ Barrett,TOR,0.547,0.312,0.317,3.4,17.9,10.5,27.3,1.2,0.9,12.9,28.7,1.2,-0.7,0.6,SG
Rob Dillingham,MIN,0.503,0.351,0.071,2.6,8,5.4,28.4,1.9,0.2,19.6,22.7,-3.3,-0.9,-4.2,PG
Robert Williams,POR,0.679,0.038,0.218,10.5,26.3,18.2,8.6,1.8,8.5,16.6,12.2,-0.1,3.2,3,SF
Ron Holland,DET,0.556,0.363,0.293,3.5,15.5,9.5,8.9,1.9,1.3,13.3,18.1,-3.3,0.3,-3,SG
Royce O'Neale,PHX,0.585,0.774,0.046,3.3,17.5,10.6,12.3,1.8,1.7,10.1,15.5,0.2,-0.1,0.1,SG
Rudy Gobert,MIN,0.687,0,0.535,12.5,23.8,18.2,7.5,1.2,4.1,12.4,13,0.6,1.3,1.9,SF
Rui Hachimura,LAL,0.619,0.429,0.196,4.9,12.6,8.9,6.4,1.2,1.3,7.3,15.8,-0.1,-0.6,-0.7,SG
Russell Westbrook,DEN,0.532,0.35,0.28,5.6,13.4,9.7,28.8,2.4,1.6,20.6,23.8,-0.9,-0.2,-1.1,PG
Ryan Dunn,PHX,0.517,0.553,0.082,7.5,13.5,10.6,5.7,1.5,2.7,7.5,16.7,-2.9,-1.2,-4.1,PG
Ryan Rollins,MIL,0.6,0.443,0.166,2.9,11.1,7.2,17.8,2.5,1.9,15.4,18.4,-1.4,0.9,-0.5,SF
Sam Hauser,BOS,0.632,0.842,0.023,3.1,12.7,7.9,5.8,1.3,0.8,4.6,14.3,0.9,-0.1,0.8,C
Sam Merrill,CLE,0.583,0.868,0.068,3,8.9,6.1,9.6,1.8,0.9,7.4,14.3,-0.4,0.7,0.3,PG
Sandro Mamukelashvili,SAS,0.628,0.573,0.206,9.7,19.7,14.7,10.7,1.6,2.3,7.8,20.8,3.3,-1,2.3,PF
Santi Aldama,MEM,0.588,0.503,0.145,6.1,20.3,13.3,15.2,1.5,1.6,9.3,18.5,2.5,0.7,3.2,PF
Scoot Henderson,POR,0.54,0.434,0.301,3.1,9.2,6.1,28.1,1.9,0.7,18.6,22.5,-1.4,-0.8,-2.2,SG
Scottie Barnes,TOR,0.523,0.263,0.284,5.3,20.2,12.6,27.7,2.1,2.8,13.4,27,1.5,0.9,2.4,C
Scotty Pippen Jr.,MEM,0.582,0.369,0.288,4.1,12.1,8.1,27.1,2.8,1.6,17.1,19.3,0,1.8,1.9,SF
Seth Curry,CHA,0.616,0.531,0.114,2.4,9.1,5.7,8.8,1.3,0.6,8.2,15.7,-0.8,-0.9,-1.7,SG
Shaedon Sharpe,POR,0.551,0.428,0.219,3.2,12.7,7.8,14.2,1.3,0.6,11,25.1,0,-1.3,-1.3,SF
Shai Gilgeous-Alexander,OKC,0.637,0.263,0.404,2.8,12.6,7.8,31.3,2.4,3,8.6,34.8,8.9,2.6,11.5,SG
Shake Milton,LAL,0.563,0.417,0.232,4.2,9.9,7,18.3,1.5,0.5,12.5,16.7,-1.7,-0.5,-2.2,SF
Sidy Cissoko,POR,0.471,0.433,0.3,7.4,12.4,9.9,17.7,0.9,0.8,24.5,16.6,-4.8,-0.3,-5.1,PF
Simone Fontecchio,DET,0.544,0.609,0.225,4.7,14.5,9.6,6.9,1.2,0.9,11.6,15.8,-2.2,-0.7,-2.9,SF
Spencer Dinwiddie,DAL,0.553,0.478,0.356,0.9,9.5,5.3,22.1,1.6,0.7,11.4,17.9,-0.9,-0.7,-1.6,C
Spencer Jones,DEN,0.368,0.5,0.088,7.4,7.5,7.5,4.7,1.9,3.6,12.4,13.7,-7.7,-0.8,-8.5,SF
Stanley Umude,MIL,0.27,0.577,0.154,5.3,15.8,10.7,5.7,1.7,6.5,9.8,15.7,-7.5,-0.7,-8.1,SF
Stephen Curry,GSW,0.618,0.623,0.238,1.9,13.3,7.4,31.3,1.7,1.3,12.6,29.8,6.4,0,6.3,PG
Stephon Castle,SAS,0.522,0.337,0.348,4.4,10.3,7.4,22.8,1.7,0.9,13.4,26,-1.5,-1.7,-3.2,PF
Steven Adams,HOU,0.541,0.012,0.557,21.8,22,21.9,10.9,1.3,3.2,20.6,13.6,0,0.3,0.3,SG
Svi Mykhailiuk,UTA,0.526,0.672,0.116,3.1,9.6,6.4,14.7,1.2,0.9,14.1,20.3,-1.4,-2.1,-3.5,PF
T.J. McConnell,IND,0.547,0.079,0.123,3.5,11.6,7.6,37,2.8,1.3,14.2,23.4,0.6,0.6,1.2,C
Taj Gibson,CHA,0.515,0.021,0.211,13,18.4,15.6,7.5,1.1,4.3,19.4,13.4,-5.2,-0.1,-5.3,C
Talen Horton-Tucker,CHI,0.567,0.419,0.337,2.8,11.5,7.2,16.1,1.4,1.3,10.7,21.6,-1.4,-1.1,-2.4,PG
Tari Eason,HOU,0.567,0.329,0.186,9.4,17.9,13.6,8.5,3.3,3.2,9.7,19.4,1,2.6,3.6,C
Taurean Prince,MIL,0.613,0.652,0.093,1.8,12.2,7.2,9.4,1.7,0.6,13.3,12.5,-2,0.3,-1.7,C
Terance Mann,ATL,0.584,0.395,0.165,5.3,10.4,7.8,11.7,1.6,1,9.6,14.7,-1.4,0,-1.3,SG
Terrence Shannon Jr.,MIN,0.56,0.272,0.184,3.3,11.9,7.7,13.8,1,1.4,10.9,17.7,-2.1,0,-2.1,PF
Terry Rozier,MIA,0.497,0.485,0.17,3,12.8,7.9,14.8,1.1,0.8,10.3,20.4,-2.6,-1,-3.7,C
Thomas Bryant,IND,0.614,0.461,0.199,9.7,19.2,14.5,7.6,1.4,3.9,7.9,17.1,0.7,0,0.6,C
Tidjane Salaün,CHA,0.457,0.594,0.272,5.9,18.4,12,8.5,1.1,1.1,13.1,15.2,-4.3,-0.8,-5.2,PF
Tim Hardaway Jr.,DET,0.567,0.672,0.213,0.9,8.4,4.7,7.6,0.8,0.3,6.1,15.5,-1.1,-0.9,-2.1,SF
Tobias Harris,DET,0.571,0.328,0.206,3.1,17.5,10.4,9.8,1.5,2.4,8.8,17.6,-0.5,0.6,0.1,SG
Torrey Craig,BOS,0.567,0.733,0.133,9.3,15.6,12.5,7.2,1.3,3.5,7.7,14.1,-1,0.1,-0.9,C
Tosan Evbuomwan,BKN,0.53,0.35,0.332,5.2,15.8,10.2,12.9,1.8,1.5,13.4,19.1,-3,-0.3,-3.2,C
Toumani Camara,POR,0.572,0.503,0.176,7.2,12.1,9.6,9.6,2.2,1.8,12.4,14.4,-0.9,0.8,-0.1,C
Trae Young,ATL,0.567,0.467,0.408,1.4,8.2,4.7,46.4,1.6,0.4,17.9,29.6,3.3,-2.7,0.5,C
Trayce Jackson-Davis,GSW,0.587,0.01,0.338,13.2,21.7,17.3,16.1,1.2,3.7,11.5,17.1,0.3,0.9,1.2,C
Tre Jones,CHI,0.617,0.202,0.282,3.7,9.9,6.8,28.6,1.9,1,11.6,14.1,0.5,1,1.5,SG
Trendon Watford,BKN,0.557,0.251,0.349,4.4,16,9.9,21,1.5,1.3,17.1,23.3,-2.3,-0.8,-3.1,SG
Trevelin Queen,ORL,0.486,0.524,0.143,6.6,7.9,7.2,13.3,3.6,2.2,12.3,18.1,-2.6,2.3,-0.3,PF
Trey Alexander,DEN,0.374,0.415,0.098,1,9.8,5.6,11.4,0.8,0.8,10.5,17.3,-7.9,-1.8,-9.7,C
Trey Jemison,LAL,0.537,0,0.446,12.4,17.1,14.8,5.5,1.1,3.6,21.3,12.4,-6.3,-0.5,-6.8,PF
Trey Lyles,SAC,0.551,0.636,0.214,6.6,19.6,13.1,7.9,1.5,1.7,8.7,14.3,-0.4,-0.3,-0.7,C
Trey Murphy III,NOP,0.598,0.522,0.274,2.7,13.2,7.8,15.9,1.5,2,9.9,23.7,2.1,-1.4,0.8,PF
Tristan da Silva,ORL,0.522,0.495,0.13,4.9,12.7,8.6,10.3,1,1.1,9.9,15.2,-2.3,-0.3,-2.6,SG
Tristan Thompson,CLE,0.41,0.042,0.423,10.9,32.7,22.1,8.8,0.3,3,14.3,12.7,-4.9,0.3,-4.6,PF
Tristan Vukcevic,WAS,0.608,0.421,0.277,5.2,21.2,13.2,13,1,4,13.4,25.7,0.4,-0.9,-0.5,SG
Ty Jerome,CLE,0.643,0.409,0.239,4,9.3,6.7,24.5,2.7,0.2,11.9,23.6,3.5,0.8,4.3,PF
Tyler Herro,MIA,0.605,0.486,0.237,1.4,14.6,8.1,26.2,1.3,0.6,11.5,28,3.8,-0.7,3.1,PF
Tyler Kolek,NYK,0.453,0.573,0.207,3.1,7.3,5.2,29.5,2,1.3,16.7,15.8,-2.6,-0.3,-2.8,C
Tyler Smith,MIL,0.626,0.6,0.16,5.6,16.3,11.1,4.9,1.2,3.1,13,22.1,0.4,-1.2,-0.9,C
Tyrese Haliburton,IND,0.616,0.559,0.221,1.9,9.7,5.9,38.9,2.1,1.8,9.8,21.6,5.7,0.2,5.8,C
Tyrese Martin,BKN,0.533,0.606,0.125,4.8,14.6,9.5,14.6,1.3,0.7,13.1,18.8,-1.4,-1.2,-2.6,SF
Tyrese Maxey,PHI,0.562,0.438,0.265,0.8,9.6,5,28,2.3,1.1,9.2,29.8,3.2,-1.1,2,PF
Tyus Jones,PHX,0.585,0.587,0.083,2.1,7.8,5,27.7,1.6,0.3,11.4,16.2,1.4,-1.3,0.1,C
Vasilije Mici?,PHX,0.462,0.458,0.15,2.7,9.6,6,24.3,0.9,0,20.9,19.9,-4.6,-2.4,-7,SF
Victor Wembanyama,SAS,0.594,0.47,0.221,5.7,29.8,17.7,18.3,1.6,10.4,13.7,30.4,3.6,2.9,6.5,PF
Vince Williams Jr.,MEM,0.504,0.569,0.144,4.7,15.9,10.4,13.8,1.1,1.3,15.7,17,-2.5,-0.3,-2.8,SG
Vít Krej?í,ATL,0.661,0.705,0.154,2,13.1,7.4,16.5,1.5,2.1,13.8,12.9,0,0.7,0.7,PF
Walker Kessler,UTA,0.66,0.081,0.363,16.6,27.1,21.9,8.3,1,7.4,15,13.7,1.1,0.7,1.8,PF
Wendell Carter Jr.,ORL,0.544,0.322,0.356,9.4,23.4,16,11.5,1.5,2.2,11.9,16,-2.2,0.9,-1.2,SG
Wendell Moore Jr.,CHA,0.553,0.325,0.175,6.4,14.3,10.3,11.6,1.9,1,16.6,13.8,-2.6,-0.1,-2.7,PG
Xavier Tillman,BOS,0.31,0.604,0.075,4.7,15.5,10.1,3.8,2.4,2,20.4,13.1,-8.4,0.3,-8.1,SF
Yuki Kawamura,MEM,0.53,0.767,0.3,0,13.5,6.8,25.1,1,0,12.8,16.9,-2.6,-0.2,-2.8,PF
Yves Missi,NOP,0.572,0.002,0.415,13.7,19.7,16.6,7.2,0.9,4.8,12.4,14.3,-1.6,-1.4,-3,PG
Zaccharie Risacher,ATL,0.558,0.442,0.191,5,11.1,8,7.1,1.3,1.8,9.8,20.9,-1.7,-1.8,-3.5,PF
Zach Collins,CHI,0.605,0.351,0.258,11.1,19.9,15.6,15.6,1.4,2.6,15.1,17.1,-0.8,0.8,0,C
Zach Edey,MEM,0.624,0.12,0.293,17.5,23.4,20.5,6.1,1.2,5.5,15.3,16.4,-0.2,0.1,-0.1,PG
Zach LaVine,SAC,0.639,0.438,0.233,0.9,12,6.5,18.3,1.1,0.4,13.4,25.3,2.3,-1.6,0.7,SG
Zeke Nnaji,DEN,0.574,0.369,0.312,6.3,9.8,8.1,4.6,2,5.6,8,12.2,-2.1,0.7,-1.3,C
Ziaire Williams,BKN,0.55,0.581,0.237,4.3,17.5,10.6,8.5,2,1.8,10.5,18.2,-2.2,-0.1,-2.3,SF
Zion Williamson,NOP,0.6,0.026,0.474,9.3,18.2,13.6,36.6,2.1,3,12.8,34.7,5.9,1,7,PF
