Player,Age,Team,Pos,TS%,3PAr,ORB%,DRB%,TRB%,AST%,STL%,BLK%,TOV%,USG%,OBPM,DBPM,BPM,VORP
?,,,,,,,,,,,,,,,,,
Precious Achiuwa,25,NYK,C,0.53,0.11,10,21,15.5,6.2,2,3.3,11.2,14.9,-2.1,0.2,-1.9,0
Steven Adams,31,HOU,C,0.541,0.012,21.8,22,21.9,10.9,1.3,3.2,20.6,13.6,0,0.3,0.3,0.5
Bam Adebayo,27,MIA,C,0.561,0.199,7.7,23.1,15.5,20,1.8,1.9,11.4,23.5,1,1,2,2.7
Ochai Agbaji,24,TOR,SG,0.601,0.474,3.7,11.4,7.5,7.9,1.6,1.6,8.9,14.6,-0.9,0.2,-0.7,0.5
Santi Aldama,24,MEM,PF,0.588,0.503,6.1,20.3,13.3,15.2,1.5,1.6,9.3,18.5,2.5,0.7,3.2,2.2
Trey Alexander,21,DEN,SG,0.374,0.415,1,9.8,5.6,11.4,0.8,0.8,10.5,17.3,-7.9,-1.8,-9.7,-0.2
Nickeil Alexander-Walker,26,MIN,SG,0.579,0.601,2.9,11.1,7.1,15,1.2,1.5,12.9,16,-0.8,0.4,-0.4,0.8
Grayson Allen,29,PHO,SG,0.631,0.716,2.5,11.3,7,12.5,1.7,1.2,12.2,17.6,0.7,-1,-0.3,0.7
Jarrett Allen,26,CLE,C,0.724,0.008,10.5,26.7,18.8,9.5,1.6,2.9,11.3,15.9,3,1.2,4.2,3.6
Jose Alvarado,26,NOP,PG,0.523,0.593,2.1,8.9,5.4,27.3,2.6,1,13.4,19.8,-0.6,-0.8,-1.4,0.2
Kyle Anderson,31,2TM,PF,0.538,0.231,5.7,16.8,11.2,20.7,2,3.1,10,15.9,-0.6,2.2,1.5,0.9
Giannis Antetokounmpo,30,MIL,PF,0.625,0.048,7.3,29.7,19,36,1.2,3.2,11.2,35.2,6.9,2.5,9.5,6.6
Cole Anthony,24,ORL,PG,0.531,0.401,4.1,15.5,9.5,25.5,1.8,2.5,14.8,24.6,-0.8,0.9,0.1,0.7
OG Anunoby,27,NYK,PF,0.591,0.448,4.2,11,7.6,8.5,2,2.2,8.3,19.7,0.7,0.1,0.7,1.9
Deni Avdija,24,POR,SF,0.605,0.405,5.4,21.2,13.1,19.9,1.6,1.5,16.3,23.2,1.5,0.6,2.1,2.2
Deandre Ayton,26,POR,C,0.583,0.068,10.9,26,18.2,8.5,1.2,2.9,12.2,19.4,-0.3,-0.4,-0.7,0.4
Marcus Bagley,23,PHI,SF,0.456,0.464,9.9,21.9,15.7,5.5,1.8,4.7,8.7,13.8,-3.4,-0.9,-4.3,-0.1
Marvin Bagley III,25,2TM,PF,0.56,0.179,15,18.2,16.6,6.5,1.6,2.7,9,20.9,0.4,-1.6,-1.2,0.1
Patrick Baldwin Jr.,22,2TM,SF,0.721,0.657,4.8,19.7,12.3,4.6,1.3,1.7,12,16.4,2.4,-0.9,1.5,0.1
LaMelo Ball,23,CHO,PG,0.536,0.526,3.3,13.4,8.2,43.8,1.8,0.8,13.1,35.9,4.1,-0.9,3.2,2
Lonzo Ball,27,CHI,PG,0.524,0.802,3.4,12.3,8,18.9,2.8,1.9,13.9,15.9,-1.5,1.7,0.2,0.4
Mo Bamba,26,2TM,C,0.557,0.482,8.8,30.5,19.7,6,1.1,7.4,13.9,15.2,-2.7,1.9,-0.9,0.1
Paolo Banchero,22,ORL,PF,0.551,0.299,3.5,22.4,12.5,26,1.1,1.7,11.2,33.6,3.4,0.2,3.5,2.2
Desmond Bane,26,MEM,SG,0.6,0.411,3,16.9,10,23.6,1.7,1.2,13.3,23.3,2.6,0.6,3.2,2.9
Dalano Banton,25,POR,PG,0.497,0.438,2.8,10.4,6.5,21.5,1.9,2.8,13.3,24.1,-0.6,-0.2,-0.8,0.3
Dominick Barlow,21,ATL,PF,0.58,0.239,10,15,12.4,6.9,1.1,3.9,3.8,14.5,-1.4,-0.8,-2.2,0
Harrison Barnes,32,SAS,PF,0.656,0.527,4.7,10.3,7.4,8.6,0.8,0.6,6.1,15.7,1.7,-1.7,0,1.2
Scottie Barnes,23,TOR,PF,0.523,0.263,5.3,20.2,12.6,27.7,2.1,2.8,13.4,27,1.5,0.9,2.4,2.3
RJ Barrett,24,TOR,SF,0.547,0.312,3.4,17.9,10.5,27.3,1.2,0.9,12.9,28.7,1.2,-0.7,0.6,1.2
Charles Bassey,24,SAS,C,0.597,0,15.9,27.4,21.7,6.6,1.8,7.2,14.9,17.5,-1.7,0.6,-1.1,0.1
Emoni Bates,21,CLE,SF,0.487,0.789,0,9.8,5.1,14.2,0.6,1.2,5,22.6,-0.5,-1,-1.5,0
Jamison Battle,23,TOR,SF,0.59,0.746,3.7,12.8,8.1,7.1,0.8,0.9,7.1,15.3,-0.9,-1.3,-2.3,-0.1
Nicolas Batum,36,LAC,PF,0.633,0.853,4,14,9,7.8,1.9,2.6,12.1,9,-1.2,2,0.8,1
Damion Baugh,24,CHO,SG,0.399,0.431,3.9,10.6,7.2,22.2,2,0.5,18.5,19.3,-5.9,-1.2,-7.1,-0.5
Bradley Beal,31,PHO,SG,0.598,0.38,2.3,9.1,5.8,17.6,1.7,1.5,11.6,22.1,-0.1,-1,-1.1,0.4
Malik Beasley,28,DET,SG,0.59,0.715,2.3,8,5.2,8.9,1.5,0.2,6.8,22.5,2,-1.2,0.8,1.6
MarJon Beauchamp,24,3TM,SF,0.535,0.446,8,22.6,15.6,10.2,1.2,0.6,16.9,24.9,-2.7,-1.6,-4.3,-0.1
Reece Beekman,23,2TM,PG,0.4,0.374,3,6.6,4.7,19.1,3.5,0.4,15.3,12.8,-6.7,1.3,-5.4,-0.4
Goga Bitadze,25,ORL,C,0.631,0.083,12.7,25,18.6,14.8,1.7,6.6,15.3,14.3,-0.3,2.8,2.5,1.6
Bismack Biyombo,32,SAS,C,0.576,0,8.7,23.4,16,7.9,1.5,3.9,17.8,12.3,-3.6,0,-3.6,-0.2
Anthony Black,21,ORL,PG,0.521,0.315,3,11.4,7,19.4,2.3,2.4,16.4,19.6,-3.1,1.2,-1.9,0
Bogdan Bogdanovi?,32,2TM,SG,0.559,0.587,2,11.2,6.6,15.2,1.5,0.8,12.4,18.7,-1.8,-0.2,-2,0
Bol Bol,25,PHO,PF,0.627,0.508,5.1,20.4,13,7.7,1,5.2,9.3,21.1,1.7,-0.9,0.8,0.3
Adem Bona,21,PHI,C,0.714,0.005,11.1,19.9,15.3,4.4,1.4,7.5,20.5,14.3,-2.9,0.2,-2.7,-0.2
Devin Booker,28,PHO,SG,0.589,0.388,3.1,8.9,6.1,30.6,1.2,0.5,11.9,29.3,2.8,-2.4,0.4,1.7
Brandon Boston Jr.,23,NOP,SG,0.535,0.367,3,11.9,7.3,13.7,2.6,0.9,11.1,20,-2.3,-0.2,-2.5,-0.1
Chris Boucher,32,TOR,PF,0.615,0.522,8.5,19.6,13.9,5.9,1.3,2.8,6.6,21.2,2.9,-0.6,2.3,0.9
Jamaree Bouyea,25,MIL,PG,0.581,0.417,1.8,6.7,4.4,20.8,3.1,3,35.3,16,-4.6,-0.9,-5.4,0
Tony Bradley,27,IND,C,0.64,0.067,17.9,23.5,20.7,8.3,0.9,7.2,9.5,20.1,1.5,-0.3,1.2,0.1
Malaki Branham,21,SAS,SG,0.575,0.442,1.8,11.1,6.4,13.4,1.2,0.4,14.3,23.8,-1.2,-1.9,-3.2,-0.1
Christian Braun,23,DEN,SG,0.665,0.273,4.2,12.2,8.4,10.1,1.5,1.2,8.1,15.8,0.8,-0.5,0.3,1.6
Jalen Bridges,23,PHO,SF,0.514,1,0,14.5,7.4,0,0,0,31.3,18.8,-7.8,-4.7,-12.5,-0.1
Mikal Bridges,28,NYK,SF,0.585,0.391,2.7,7,4.9,14.4,1.2,1.3,9.7,19.6,0.4,-0.9,-0.5,1.2
Miles Bridges,26,CHO,PF,0.541,0.413,3.7,21.9,12.6,21.7,1.1,2.2,10.2,28,2.3,-0.5,1.8,2
Oshae Brissett,26,PHI,SF,0.576,0.462,5.4,12.5,8.8,4.1,1.4,2.1,15,16.3,-3.7,-2.6,-6.3,-0.1
Malcolm Brogdon,32,WAS,PG,0.544,0.233,3.9,13,8.4,27.4,1.1,0.8,11.9,23.7,-0.1,-1.5,-1.5,0.1
Dillon Brooks,29,HOU,SF,0.555,0.524,3.3,9.1,6.1,7.4,1.2,0.6,7.4,17.7,-1.4,0,-1.4,0.4
Keion Brooks Jr.,24,NOP,SF,0.581,0.394,3.8,15.4,9.4,5.7,1.5,2.9,8.9,17.1,-2.2,-1.3,-3.5,-0.1
Bruce Brown,28,2TM,PG,0.504,0.262,4.5,14.9,9.6,12.8,1.8,1,10.4,17.2,-3.2,-0.6,-3.8,-0.4
Jaylen Brown,28,BOS,SF,0.555,0.32,4.1,14.4,9.3,21.4,1.7,0.8,11.4,28.9,0.4,-0.4,0,1.1
Kobe Brown,25,LAC,PF,0.513,0.361,8,18.9,13.5,11.9,1.3,1.5,13.8,14,-2.5,0.4,-2.1,0
Moses Brown,25,2TM,C,0.706,0,11.3,29,20.3,2.9,2.4,2.9,17,23.5,-0.3,0.5,0.1,0.1
Jalen Brunson,28,NYK,PG,0.605,0.331,1.4,7.9,4.7,32.3,1.3,0.3,10.5,29.5,4.7,-1.3,3.3,3.1
Thomas Bryant,27,2TM,C,0.614,0.461,9.7,19.2,14.5,7.6,1.4,3.9,7.9,17.1,0.7,0,0.6,0.6
Kobe Bufkin,21,ATL,SG,0.483,0.404,4.3,14.5,9.3,18.2,1.1,1.5,12.7,20.8,-3.4,-0.5,-4,-0.1
Alec Burks,33,MIA,SG,0.608,0.764,1.9,13.8,7.9,9.1,1.6,0.8,9,16.5,0,0.3,0.3,0.5
Jared Butler,24,2TM,SG,0.549,0.373,2.5,9.3,5.8,33.8,2,1.2,14,23.6,0.5,-1.5,-1,0.3
Jimmy Butler,35,2TM,SF,0.626,0.174,7.7,10.8,9.2,25.5,2.2,1,8.8,20.8,4,1,4.9,3
Matas Buzelis,20,CHI,SF,0.571,0.479,3.9,15.2,9.6,7.2,0.9,4.3,10.9,18.7,-2,-0.5,-2.5,-0.2
Jamal Cain,25,NOP,SF,0.544,0.506,5.6,12.8,9.1,6.2,2.2,1.7,10.9,17,-2.5,-0.8,-3.4,-0.2
Kentavious Caldwell-Pope,31,ORL,SG,0.574,0.607,1.6,7.2,4.3,8.7,2.2,1.4,9.6,12.4,-3,1.6,-1.4,0.3
Toumani Camara,24,POR,PF,0.572,0.503,7.2,12.1,9.6,9.6,2.2,1.8,12.4,14.4,-0.9,0.8,-0.1,1.2
Vlatko ?an?ar,27,DEN,PF,0.462,0.577,5.1,20,12.9,7.7,1.1,1.3,29.7,11.5,-6.5,-0.6,-7.1,-0.2
Clint Capela,30,ATL,C,0.564,0.003,15.8,28.2,21.8,7.4,1.4,4.1,9.8,16.7,-0.6,-0.4,-1,0.3
Branden Carlson,25,OKC,C,0.581,0.68,7.6,15.8,11.8,7.5,1,8.6,6.3,19.3,0.5,0.8,1.3,0.2
Bub Carrington,19,WAS,PG,0.514,0.544,1.4,13.1,7.2,21.2,1,0.8,15.2,15.8,-3.3,-1.3,-4.6,-1.6
Devin Carter,22,SAC,PG,0.471,0.48,5.4,16.2,10.8,13.5,2.6,1,11,17.9,-3.5,0.3,-3.2,-0.1
Jevon Carter,29,CHI,PG,0.509,0.719,1.3,11.2,6.4,17.2,1.9,0.8,6.8,21,-1,-1.1,-2.1,0
Wendell Carter Jr.,25,ORL,C,0.544,0.322,9.4,23.4,16,11.5,1.5,2.2,11.9,16,-2.2,0.9,-1.2,0.3
D.J. Carton,24,TOR,SG,0.202,0.429,0,13.3,6.5,10.9,2.9,0,35,14.5,-10.4,-0.7,-11.1,-0.1
Alex Caruso,30,OKC,SG,0.568,0.541,4,12.2,8.2,16.6,4,2.9,9.9,15.2,0.1,3.9,4,1.6
Stephon Castle,20,SAS,SG,0.522,0.337,4.4,10.3,7.4,22.8,1.7,0.9,13.4,26,-1.5,-1.7,-3.2,-0.6
Colin Castleton,24,3TM,C,0.536,0.163,13,17.9,15.4,8.9,0.9,2.2,16.7,13.4,-4,-1,-5,-0.3
Julian Champagnie,23,SAS,SF,0.577,0.722,3.7,13.9,8.8,7.9,1.5,1.6,9.5,17.2,-0.3,-0.9,-1.3,0.4
Justin Champagnie,23,WAS,SF,0.614,0.47,8.6,18.6,13.6,6.8,2.3,2.6,10.9,15.6,-0.3,-0.2,-0.5,0.5
Ulrich Chomche,19,TOR,PF,0.425,0,13.1,13.7,13.4,7.8,0,3,25.4,10.3,-6.1,-1.3,-7.4,0
Cam Christie,19,LAC,SG,0.349,0.542,5.8,17,11.5,13.7,4.2,1.7,7.2,20.5,-5.5,3,-2.5,0
Max Christie,21,2TM,SG,0.57,0.532,2,11.2,6.7,9.2,1.5,1.3,11.8,15.2,-2.1,-0.5,-2.5,-0.3
Josh Christopher,23,MIA,SG,0.416,0.355,0,14.3,7.2,17.2,3.6,4.2,15.1,25.5,-7.5,-0.4,-7.9,-0.1
Sidy Cissoko,20,2TM,SF,0.471,0.433,7.4,12.4,9.9,17.7,0.9,0.8,24.5,16.6,-4.8,-0.3,-5.1,-0.1
Jaylen Clark,23,MIN,SG,0.598,0.425,5.6,5.6,5.6,6.7,3.4,0.4,5.5,12,-2.9,2.7,-0.2,0.2
Brandon Clarke,28,MEM,PF,0.638,0.045,11.3,17.3,14.3,7.4,2,2.7,8.9,15.3,0,0.8,0.8,0.9
Jordan Clarkson,32,UTA,SG,0.54,0.471,2.8,10.4,6.6,22.9,1.5,0.9,13.4,27.8,0.6,-2.1,-1.5,0.1
Nic Claxton,25,BRK,C,0.569,0.037,9,22.7,15.5,13.7,1.6,5.3,12,16.8,-1.1,1.5,0.4,1.1
Donovan Clingan,20,POR,C,0.574,0.147,17.3,26.1,21.6,8.3,1.2,7.5,15.9,14.2,-1.7,1.4,-0.3,0.6
Noah Clowney,20,BRK,PF,0.516,0.702,4.5,15.8,9.9,5.9,1.1,2,10.2,19,-3.1,-1,-4.1,-0.5
Amir Coffey,27,LAC,SG,0.614,0.484,2.1,8.2,5.2,6.1,1.1,0.4,7.4,15.3,-1.5,-0.2,-1.7,0.1
Isaiah Collier,20,UTA,PG,0.494,0.305,1.9,11.8,6.9,34.3,1.7,0.8,25,18.9,-3.8,-1.5,-5.3,-1.6
John Collins,27,UTA,PF,0.628,0.279,7.9,20.9,14.4,10.8,1.5,3.1,14.6,24.2,1.4,-0.4,1,0.9
Yuri Collins,23,GSW,PG,0.333,0,13.1,6.9,10.1,31.9,6.1,0,0,7.9,-6.2,6.5,0.3,0
Zach Collins,27,2TM,PF,0.605,0.351,11.1,19.9,15.6,15.6,1.4,2.6,15.1,17.1,-0.8,0.8,0,0.5
Mike Conley,37,MIN,PG,0.573,0.662,2.1,9.3,5.7,24.5,2.2,0.7,12.9,14.4,-0.1,1.3,1.2,1.4
Pat Connaughton,32,MIL,SG,0.567,0.458,3.6,15.6,9.8,15.8,0.7,1.7,11.2,15.6,-1.4,-0.8,-2.3,0
Bilal Coulibaly,20,WAS,SF,0.515,0.359,4.8,10.9,7.8,14.9,1.9,1.9,15.1,17.9,-3,-0.7,-3.7,-0.8
Ricky Council IV,23,PHI,SF,0.502,0.46,4.4,15.4,9.7,11.4,1.3,1,8.9,20.3,-2,-2.3,-4.3,-0.7
Torrey Craig,34,2TM,SF,0.567,0.733,9.3,15.6,12.5,7.2,1.3,3.5,7.7,14.1,-1,0.1,-0.9,0.1
Isaiah Crawford,23,SAC,SF,0.509,0.455,2.4,17.1,9.7,2.8,1.1,4.3,7.3,12.9,-3.4,-0.7,-4.1,0
Jae Crowder,34,SAC,PF,0.467,0.682,6.5,15.3,10.9,7.1,1.4,0,14,12,-3.8,-0.5,-4.3,-0.1
Cui Yongxi,21,BRK,SG,0.19,0.429,0,23.8,11.4,0,0,0,0,34.4,-16.8,-8.2,-24.9,-0.1
Cade Cunningham,23,DET,PG,0.565,0.287,2.5,16.5,9.6,43,1.4,2.1,16,33.2,3.8,0.1,3.9,3.7
Seth Curry,34,CHO,SG,0.616,0.531,2.4,9.1,5.7,8.8,1.3,0.6,8.2,15.7,-0.8,-0.9,-1.7,0.1
Stephen Curry,36,GSW,PG,0.618,0.623,1.9,13.3,7.4,31.3,1.7,1.3,12.6,29.8,6.4,0,6.3,4.8
Tristan Da Silva,23,ORL,SF,0.522,0.495,4.9,12.7,8.6,10.3,1,1.1,9.9,15.2,-2.3,-0.3,-2.6,-0.3
Pacôme Dadiet,19,NYK,SG,0.446,0.613,3.1,15.4,9.3,5.6,1.3,1.7,10.6,14.7,-4.9,-1.5,-6.5,-0.1
Dyson Daniels,21,ATL,SG,0.545,0.255,5.1,14.2,9.6,17.9,4.2,2,13.6,18.2,-1.1,2.6,1.5,2.3
N'Faly Dante,23,HOU,C,0.789,0,12.3,32,21.9,5.7,1,8.8,11.6,13.9,0.7,1.7,2.4,0.1
Anthony Davis,31,2TM,C,0.588,0.136,9.1,29.1,19.4,18.3,1.7,6,9.5,30.4,3.9,1.5,5.4,3.2
Johnny Davis,22,WAS,SG,0.473,0.372,4.3,12.1,8.2,6.6,2.9,2.2,7.6,15.9,-3.5,0.7,-2.8,0
Terence Davis,27,SAC,SG,0,0.5,0,14,7,14.1,0,0,0,10.8,-12.8,-4.1,-16.9,0
JD Davison,22,BOS,PG,0.445,0.529,2.3,12.8,7.6,19.1,2.7,1,26,23.6,-5.9,-0.3,-6.2,-0.1
RayJ Dennis,23,IND,PG,0.443,0.636,3.2,15.8,9.6,26.9,4.8,2.6,12.9,24,-2.2,3,0.7,0
DeMar DeRozan,35,SAC,SF,0.569,0.196,2,10.1,6,18.7,1.1,1.1,6.5,25,1.2,-1.2,-0.1,1.3
Moussa Diabaté,23,CHO,C,0.609,0.021,15.7,22,18.8,6.8,1.8,3.2,15.6,13.4,-1.4,-0.4,-1.9,0
Gradey Dick,21,TOR,SG,0.543,0.504,2.9,10.3,6.5,8.9,1.5,0.6,10.4,21,-1.9,-1.3,-3.2,-0.5
Ousmane Dieng,21,OKC,C,0.538,0.568,4.9,16.3,10.7,9.6,2,1.7,12,15.7,-2,1.1,-0.9,0.1
Rob Dillingham,20,MIN,PG,0.503,0.351,2.6,8,5.4,28.4,1.9,0.2,19.6,22.7,-3.3,-0.9,-4.2,-0.3
Spencer Dinwiddie,31,DAL,PG,0.553,0.478,0.9,9.5,5.3,22.1,1.6,0.7,11.4,17.9,-0.9,-0.7,-1.6,0.2
Donte DiVincenzo,28,MIN,SG,0.582,0.739,2.2,13.3,7.9,20.2,2.2,1,13.8,19.4,0.8,1.1,1.9,1.6
Luka Don?i?,25,2TM,PG,0.587,0.469,2.6,22.6,12.8,36.1,2.5,1.1,13,33.9,5.5,1.2,6.7,3.9
Luguentz Dort,25,OKC,SF,0.586,0.696,4.7,10.3,7.6,6.9,1.8,1.9,7.7,13.6,-0.6,0.8,0.2,1.2
Ayo Dosunmu,25,CHI,SG,0.585,0.421,2,10,6.1,20.2,1.4,1.1,12.5,16.6,-1.4,-0.2,-1.6,0.1
Jeff Dowtin Jr.,27,PHI,PG,0.57,0.304,2.1,9.1,5.5,19.6,1.9,1.9,5.7,18.6,0.7,-0.5,0.2,0.3
PJ Dozier,28,MIN,SG,0.621,1,3.2,12.5,7.9,18.1,1.4,0,15.1,8.2,-2,2.7,0.7,0
Andre Drummond,31,PHI,C,0.535,0.085,15.8,31.6,23.4,6.8,2.6,2.4,16.7,19.1,-2.4,-0.8,-3.2,-0.2
Chris Duarte,27,CHI,SG,0.61,0.577,7.2,20.9,14.2,16.6,0,0,3.3,17.2,2.2,-1,1.2,0.1
Alex Ducas,24,OKC,SG,0.583,0.7,7.9,14.3,11.2,4.8,1.9,0,11.5,11.8,-2.1,0.1,-2,0
David Duke Jr.,25,SAS,SG,0.538,0.429,3.1,12.6,7.9,17,1.4,0,11.8,21.2,-0.1,-1.4,-1.5,0
Kris Dunn,30,LAC,PG,0.531,0.513,3.4,12.4,8,15.6,3.5,1.5,14.2,12.7,-2.8,3.4,0.6,1.2
Ryan Dunn,22,PHO,SF,0.517,0.553,7.5,13.5,10.6,5.7,1.5,2.7,7.5,16.7,-2.9,-1.2,-4.1,-0.7
Kevin Durant,36,PHO,PF,0.642,0.331,1.2,16.9,9.2,19.6,1.1,3.2,12.9,28.7,3.9,-0.7,3.2,3
Jalen Duren,21,DET,C,0.703,0,15.2,28.7,22,14.7,1.3,4.2,17.2,16.4,1.6,1.5,3.1,2.7
Tari Eason,23,HOU,PF,0.567,0.329,9.4,17.9,13.6,8.5,3.3,3.2,9.7,19.4,1,2.6,3.6,2
Zach Edey,22,MEM,C,0.624,0.12,17.5,23.4,20.5,6.1,1.2,5.5,15.3,16.4,-0.2,0.1,-0.1,0.7
Anthony Edwards,23,MIN,SG,0.595,0.503,2.4,14.8,8.7,20.9,1.6,1.7,12,31.4,4.4,0,4.3,4.6
Jesse Edwards,24,MIN,C,,,0,0,0,23.6,0,0,,0,-8.8,4.7,-4,0
Justin Edwards,21,PHI,SF,0.559,0.503,4.3,10.4,7.3,8.9,1.9,1.4,11,16.9,-2.1,-1.6,-3.7,-0.5
Kessler Edwards,24,DAL,SF,0.597,0.4,4,16.3,10.3,9.1,1.5,2.8,10.2,11.1,-2,0.6,-1.4,0.1
Keon Ellis,25,SAC,SG,0.664,0.692,3.4,8.8,6.1,8,3,3.2,12.4,12.7,-0.1,2,1.9,1.9
Joel Embiid,30,PHI,C,0.58,0.244,6.8,24.5,15.3,25.6,1.2,3.1,13.7,34.2,3.7,-0.3,3.5,0.8
Tyson Etienne,25,BRK,PG,0.488,0.846,2.2,4.7,3.4,11.9,1,0.7,12.4,18.6,-5.7,-3.1,-8.8,-0.3
Drew Eubanks,27,2TM,C,0.622,0.031,8.9,24.1,16.5,10.6,0.8,5,15.4,15.1,-1.2,0.6,-0.7,0.3
Tosan Evbuomwan,23,BRK,SF,0.53,0.35,5.2,15.8,10.2,12.9,1.8,1.5,13.4,19.1,-3,-0.3,-3.2,-0.2
Danté Exum,29,DAL,PG,0.589,0.396,1.2,8.3,4.8,21.5,1.6,0.7,13,19.6,-1.2,-1.1,-2.3,0
Bruno Fernando,26,TOR,C,0.552,0,15,22.4,18.6,17.9,1.3,5.8,21,18.9,-3,2.3,-0.7,0.1
Kyle Filipowski,21,UTA,C,0.594,0.425,8,23.1,15.6,13.9,1.5,1.4,14.9,18.7,-0.6,-0.3,-1,0.4
Dorian Finney-Smith,31,2TM,PF,0.604,0.722,5,10.4,7.7,6.9,1.6,1.2,11,12.3,-1.1,0.1,-1,0.5
Adam Flagler,25,OKC,SG,0.335,0.75,3.8,10.3,7.1,7.3,1.9,1.5,4,21.1,-8.1,-2.3,-10.3,-0.4
Trentyn Flowers,19,LAC,SF,0.446,0.182,4.3,12.4,8.4,0,0,0,7.5,21.5,-7.1,-1.3,-8.3,0
Malachi Flynn,26,CHO,PG,0.512,0.308,7.1,9.9,8.5,23.3,3.4,0,20.4,19,-4.4,1.5,-2.8,0
Simone Fontecchio,29,DET,SF,0.544,0.609,4.7,14.5,9.6,6.9,1.2,0.9,11.6,15.8,-2.2,-0.7,-2.9,-0.3
De'Aaron Fox,27,2TM,PG,0.56,0.328,2.7,12.1,7.4,27.2,2,1.1,11.8,28.3,1.3,-1,0.4,1.3
Enrique Freeman,24,IND,PF,0.507,0.27,6.8,11.6,9.2,6.1,0.8,1.5,11.7,12.3,-4.9,-1.4,-6.3,-0.2
Markelle Fultz,26,SAC,PG,0.452,0.119,3.6,8.5,6.1,20,2.7,1.1,18.2,19.3,-4.5,-0.2,-4.7,-0.1
Johnny Furphy,20,IND,SG,0.506,0.543,6.8,14,10.4,6.2,2.3,2.6,10.6,13,-3,0.6,-2.5,0
Daniel Gafford,26,DAL,C,0.716,0,14.1,20.3,17.2,10.2,0.9,7.1,11.9,19.5,2.7,1.1,3.8,1.8
Darius Garland,25,CLE,PG,0.6,0.451,2.3,7.6,5,32.2,1.9,0.4,12.8,27.2,3.9,-0.8,3.1,3
Marcus Garrett,26,CHO,SG,0.487,0.296,1.3,6.9,4,25.1,1.9,2.5,17.3,18.7,-5.4,-2.2,-7.6,-0.1
Luka Garza,26,MIN,C,0.573,0.343,16,11.5,13.7,8.2,1.4,1.3,9.1,26.2,-0.4,-1.9,-2.3,0
Keyonte George,21,UTA,PG,0.539,0.552,1.3,11.5,6.5,26.9,1,0.4,14.9,24.3,-0.2,-2.5,-2.7,-0.3
Kyshawn George,21,WAS,SG,0.503,0.648,2.8,13.7,8.2,13.3,1.8,2.5,14.2,15.9,-3.8,-0.3,-4.1,-0.9
Paul George,34,PHI,PF,0.543,0.47,2,17.2,9.3,20.9,2.8,1.5,14.7,23.5,-0.5,0.1,-0.4,0.5
Taj Gibson,39,CHO,C,0.515,0.021,13,18.4,15.6,7.5,1.1,4.3,19.4,13.4,-5.2,-0.1,-5.3,-0.3
Josh Giddey,22,CHI,PG,0.57,0.348,6.4,21.4,14,32.9,1.9,1.8,18.4,21.7,1.9,1.1,3,2.7
Shai Gilgeous-Alexander,26,OKC,PG,0.637,0.263,2.8,12.6,7.8,31.3,2.4,3,8.6,34.8,8.9,2.6,11.5,8.9
Anthony Gill,32,WAS,PF,0.586,0.352,4.7,12.6,8.6,5.7,1.1,0.5,8.3,12.7,-3,-1.5,-4.5,-0.3
Collin Gillespie,25,PHO,PG,0.578,0.57,5.5,13.2,9.4,24,2.3,1,9.2,17.7,2.3,0.2,2.5,0.5
Rudy Gobert,32,MIN,C,0.687,0,12.5,23.8,18.2,7.5,1.2,4.1,12.4,13,0.6,1.3,1.9,2.4
Jordan Goodwin,26,LAL,PG,0.541,0.472,8.1,14.9,11.6,10.5,2.7,1.9,14.9,14.1,-1.7,0.8,-0.8,0.2
Aaron Gordon,29,DEN,PF,0.65,0.346,6.4,12.1,9.4,15,0.8,0.9,11.3,19,2.7,-1.5,1.2,1.2
Eric Gordon,36,PHI,SG,0.591,0.672,1.1,5.8,3.4,12,1.7,1.5,11.1,14.4,-0.8,-0.8,-1.6,0.1
Jazian Gortman,21,DAL,PG,0.485,0.478,2,7.5,4.8,14.7,1.7,1.5,16.8,22.4,-5.5,-0.8,-6.3,-0.1
Jerami Grant,30,POR,PF,0.523,0.516,1.8,10,5.8,9.5,1.3,2.7,9.1,19.4,-1.4,-0.3,-1.6,0.1
A.J. Green,25,MIL,SG,0.621,0.856,1.2,9.8,5.7,8.5,1.1,0.4,8.4,12.6,-1.7,-0.4,-2.2,-0.1
Draymond Green,34,GSW,PF,0.534,0.483,3.9,19,11.2,26.2,2.4,3.4,23.3,15.9,-2.3,2.8,0.5,1.3
Jalen Green,22,HOU,SG,0.544,0.46,1.7,13.4,7.4,16,1.3,0.9,11.4,27.3,1.1,-0.5,0.5,1.7
Javonte Green,31,2TM,SG,0.541,0.491,5,13.9,9.4,5.9,2.5,2.4,9.1,11.8,-2.8,0.5,-2.3,-0.1
Jeff Green,38,HOU,PF,0.649,0.653,2.9,12.9,7.8,7,0.7,0.9,6.4,14.7,0.3,0,0.4,0.2
Josh Green,24,CHO,SG,0.559,0.589,3.1,6.7,4.9,8.2,1.9,0.8,13.4,11.8,-4.5,0.2,-4.3,-1.1
Quentin Grimes,24,2TM,SG,0.595,0.512,3.2,14.7,8.9,17.7,1.8,1,13.3,22.8,1.3,-0.9,0.4,1.2
Mouhamed Gueye,22,ATL,PF,0.52,0.474,8.8,20,14.3,6.6,2.5,5.7,7.3,15.7,-1.6,1,-0.6,0.2
Rui Hachimura,26,LAL,PF,0.619,0.429,4.9,12.6,8.9,6.4,1.2,1.3,7.3,15.8,-0.1,-0.6,-0.7,0.6
Tyrese Haliburton,24,IND,PG,0.616,0.559,1.9,9.7,5.9,38.9,2.1,1.8,9.8,21.6,5.7,0.2,5.8,4.9
PJ Hall,22,DEN,C,0.641,0.333,10.5,25.4,18.3,8.4,0,5.4,7.2,17.8,-0.7,-0.6,-1.3,0
Tim Hardaway Jr.,32,DET,SG,0.567,0.672,0.9,8.4,4.7,7.6,0.8,0.3,6.1,15.5,-1.1,-0.9,-2.1,0
James Harden,35,LAC,PG,0.582,0.516,2.3,16.1,9.3,36.8,2.1,2,18,29.6,3.5,0.8,4.3,4.4
Jaden Hardy,22,DAL,SG,0.549,0.476,1.1,9.4,5.3,13.2,1.5,0.5,15.4,25.3,-2.8,-1.9,-4.7,-0.6
Elijah Harkless,24,UTA,SG,0.425,0.714,7.1,9.3,8.2,7.7,3.5,0.7,7.4,12.3,-5.2,1.5,-3.8,-0.1
Ron Harper Jr.,24,DET,SF,0.225,0.75,26.3,19.4,22.8,14.3,0,0,0,22,-5.5,-9.2,-14.7,0
Gary Harris,30,ORL,SG,0.524,0.759,3.1,7.5,5.2,5.8,1.8,1.6,10.9,9.5,-3.9,1.2,-2.7,-0.1
Tobias Harris,32,DET,PF,0.571,0.328,3.1,17.5,10.4,9.8,1.5,2.4,8.8,17.6,-0.5,0.6,0.1,1.2
Josh Hart,29,NYK,SG,0.611,0.327,6.4,22.6,14.6,20.7,2,0.9,15.5,15.3,1.1,1.8,2.8,3.6
Isaiah Hartenstein,26,OKC,C,0.599,0.04,11.2,29.6,20.6,18.3,1.4,3.9,15.3,16.7,0.6,2.6,3.2,2.1
Sam Hauser,27,BOS,PF,0.632,0.842,3.1,12.7,7.9,5.8,1.3,0.8,4.6,14.3,0.9,-0.1,0.8,1.1
Jordan Hawkins,22,NOP,SG,0.504,0.597,2,11.2,6.5,7.3,1.1,1.7,8.8,21,-2.4,-3,-5.4,-1.2
Jaxson Hayes,24,LAL,C,0.72,0.013,8.3,19.1,13.9,7.5,1.4,4.4,13.9,12.4,-1.6,1.3,-0.3,0.5
Killian Hayes,23,BRK,PG,0.559,0.488,3.3,9.6,6.3,28.6,1.2,2.5,15.7,15.5,-0.5,-0.1,-0.6,0.1
Scoot Henderson,20,POR,PG,0.54,0.434,3.1,9.2,6.1,28.1,1.9,0.7,18.6,22.5,-1.4,-0.8,-2.2,-0.1
Taylor Hendricks,21,UTA,PF,0.354,0.667,7.2,14.3,10.8,3.4,3.2,5,9.2,12.1,-4.8,1.3,-3.5,0
Tyler Herro,25,MIA,SG,0.605,0.486,1.4,14.6,8.1,26.2,1.3,0.6,11.5,28,3.8,-0.7,3.1,3.5
Buddy Hield,32,GSW,SG,0.56,0.698,2.9,12.7,7.6,10.7,1.8,1.2,10.1,20.5,-0.7,-0.3,-1,0.5
Haywood Highsmith,28,MIA,SF,0.583,0.596,4.4,10.8,7.7,8.4,1.9,2,11.6,11.3,-2.7,0.9,-1.9,0.1
Aaron Holiday,28,HOU,PG,0.594,0.675,1.7,8.9,5.2,14.3,1.2,1.2,11.5,16.8,-0.4,0.1,-0.2,0.3
Jrue Holiday,34,BOS,PG,0.565,0.534,4.4,10.8,7.6,17.3,1.7,1.3,11.3,15.8,-0.3,1,0.7,1.3
Ron Holland,19,DET,SF,0.556,0.363,3.5,15.5,9.5,8.9,1.9,1.3,13.3,18.1,-3.3,0.3,-3,-0.3
Richaun Holmes,31,WAS,PF,0.695,0.022,12,22.5,17.2,12.1,0.8,3.9,11.3,14.7,1.2,0,1.1,0.4
Chet Holmgren,22,OKC,C,0.599,0.34,6,25,15.7,9.7,1.3,8.2,12.3,22,0.5,1.9,2.4,1
Jalen Hood-Schifino,21,2TM,SG,0.494,0.469,1.1,9,4.9,16.7,0.8,2.2,14.4,17.3,-4.4,-2.5,-6.9,-0.4
Al Horford,38,BOS,C,0.563,0.681,5.2,18.9,12.1,10.4,1.1,2.8,8.8,13.8,0.1,1.1,1.2,1.3
Talen Horton-Tucker,24,CHI,SG,0.567,0.419,2.8,11.5,7.2,16.1,1.4,1.3,10.7,21.6,-1.4,-1.1,-2.4,-0.1
Caleb Houstan,22,ORL,SF,0.605,0.842,2.6,8.6,5.5,6.4,1.4,0.7,6.2,11.7,-2.4,0.2,-2.2,0
Jett Howard,21,ORL,SF,0.491,0.71,3.1,8.6,5.7,9.6,0.9,1.5,11.7,19.2,-4.1,-1.2,-5.3,-0.6
Kevin Huerter,26,2TM,SG,0.544,0.647,2,11.3,6.7,12.6,1.9,1.3,9.7,17.5,-1.8,-0.2,-2,0
Jay Huff,26,MEM,C,0.666,0.656,4.3,13.9,9.1,7,1,6.9,9.3,19.6,2.5,1,3.5,1.1
Ariel Hukporti,22,NYK,C,0.654,0,7.5,19.4,13.5,6.4,0.2,6.4,36.4,11.6,-6.5,0.9,-5.6,-0.2
De'Andre Hunter,27,2TM,SF,0.623,0.509,2.7,13.4,8.1,7.5,1.4,0.7,8.6,22.8,1.2,-0.8,0.4,1
Bones Hyland,24,2TM,PG,0.576,0.695,2.4,9.3,5.9,20.1,3.7,1.7,16.2,28.2,0.9,1.8,2.7,0.3
Oso Ighodaro,22,PHO,PF,0.61,0.011,7.2,16.2,11.9,9.1,1.3,2.6,15.7,10.5,-2.9,0.3,-2.6,-0.2
Joe Ingles,37,MIN,SF,0.326,0.652,2,8.6,5.4,25.4,0.9,0,28.1,12.2,-6.9,-0.1,-7,-0.1
Brandon Ingram,27,NOP,SF,0.56,0.345,3,15.5,9.1,26.8,1.3,1.8,16.2,30.2,1.4,-1.7,-0.3,0.3
Harrison Ingram,22,SAS,SF,0.5,0.25,6.1,21.5,13.8,10.6,4.1,0,20,6.1,-3.6,2.4,-1.2,0
Kyrie Irving,32,DAL,SG,0.594,0.38,3.7,10.6,7.2,20.5,1.8,1.1,9.7,27.4,3.9,-0.5,3.4,2.5
Jonathan Isaac,27,ORL,PF,0.512,0.466,12,21.5,16.5,5.5,2.8,7,8.2,16.2,-1.1,1.8,0.7,0.7
Jaden Ivey,22,DET,SG,0.569,0.373,5,10.3,7.6,19.7,1.5,1.2,16.1,26,0.8,-0.8,0,0.5
Andre Jackson Jr.,23,MIL,SG,0.554,0.386,7.5,12.5,10.1,10.9,1.7,1.3,21.8,11.9,-3.6,0.2,-3.4,-0.3
GG Jackson II,20,MEM,PF,0.482,0.477,6.3,14.8,10.6,8.2,1.2,1,12.5,21.7,-3.3,-2,-5.3,-0.4
Isaiah Jackson,23,IND,C,0.6,0,14.7,22.3,18.6,8.1,1.7,8.6,14.6,17.6,-1,1.8,0.8,0.1
Jaren Jackson Jr.,25,MEM,C,0.591,0.321,4.4,15.5,10,10.1,1.9,4.7,9.9,28.1,1.6,0.8,2.3,2.4
Quenton Jackson,26,IND,PG,0.58,0.328,4.1,8.7,6.4,18.6,2.6,1.2,10.3,17.7,-1.2,0.8,-0.3,0.2
Reggie Jackson,34,PHI,PG,0.496,0.556,2.3,10.4,6.2,17.1,2.1,0.8,11,17.5,-3.2,-0.8,-4,-0.2
Trayce Jackson-Davis,24,GSW,C,0.587,0.01,13.2,21.7,17.3,16.1,1.2,3.7,11.5,17.1,0.3,0.9,1.2,0.8
Bronny James,20,LAL,SG,0.424,0.478,2.6,8.5,5.6,16.5,2.4,1.6,15.1,20.9,-5.9,-1.3,-7.2,-0.2
LeBron James,40,LAL,SF,0.604,0.312,3.4,21.2,12.6,40.3,1.4,1.5,15.5,30.1,4.9,0.7,5.6,4.7
Jaime Jaquez Jr.,23,MIA,SF,0.543,0.258,6.8,16.5,11.7,17.9,2.2,1,15.7,20.2,-1.4,0.5,-0.9,0.4
DaQuan Jeffries,27,CHO,SG,0.518,0.564,3.6,10,6.7,7.2,1.2,2.3,10.3,13.5,-4,-0.7,-4.7,-0.7
Trey Jemison,25,2TM,C,0.537,0,12.4,17.1,14.8,5.5,1.1,3.6,21.3,12.4,-6.3,-0.5,-6.8,-0.5
Daniss Jenkins,23,DET,PG,0.322,0.7,0,9.6,4.8,17.3,0,0,8.4,21.8,-10.2,-5.7,-15.8,-0.1
Ty Jerome,27,CLE,SG,0.643,0.409,4,9.3,6.7,24.5,2.7,0.2,11.9,23.6,3.5,0.8,4.3,2.2
Isaiah Joe,25,OKC,SG,0.617,0.793,2.8,10.1,6.6,9.7,1.4,0.6,5.8,17.2,1.4,-0.1,1.3,1.4
AJ Johnson,20,2TM,SG,0.48,0.423,1.3,8.3,4.8,17.1,0.9,0.4,13.2,17.4,-5.6,-2.5,-8.1,-1
Cameron Johnson,28,BRK,PF,0.632,0.546,3.3,12.8,7.8,18.5,1.5,1.4,10.5,22.9,3.5,-0.4,3.1,2.3
Jalen Johnson,23,ATL,SF,0.569,0.26,5.2,26,15.3,20.5,2,2.6,15.1,22.5,0.5,1.4,1.8,1.2
James Johnson,37,IND,PF,0.35,0.273,0,17.9,9,13.7,0,4.9,25.9,18,-9.6,-0.2,-9.7,-0.1
Keldon Johnson,25,SAS,SF,0.572,0.356,6.5,15.1,10.8,10.2,1.3,1.1,8.3,21.6,0,-1.6,-1.6,0.2
Keon Johnson,22,BRK,SG,0.499,0.515,3.5,14.5,8.8,14.6,2.1,1.5,12.1,21.7,-3.1,-0.1,-3.3,-0.6
Keshad Johnson,23,MIA,SF,0.718,0.269,6.8,24.6,15.8,6.3,2.5,3.9,11.8,15.4,-1,0.9,-0.1,0
Nikola Joki?,29,DEN,C,0.663,0.243,9,28.2,19.1,44.1,2.4,1.6,12.8,29.5,9.9,3.3,13.3,9.8
Colby Jones,22,2TM,SG,0.544,0.38,4.3,13.6,9,12,2.4,2.4,13.7,13.7,-3.3,0.4,-2.8,-0.1
Derrick Jones Jr.,27,LAC,SF,0.609,0.372,5.7,10.1,8,4.6,2.1,1.7,9.3,16.5,-1,0.7,-0.3,0.8
Dillon Jones,23,OKC,SF,0.464,0.474,6,17.3,11.8,12.6,1.4,0.7,16.2,13.3,-4.3,0.3,-4,-0.3
Herbert Jones,26,NOP,SF,0.541,0.419,3.6,9.6,6.5,13.8,2.8,1.3,15.6,14.6,-3.9,0.2,-3.6,-0.3
Isaac Jones,24,SAC,PF,0.678,0.096,8.1,12.9,10.5,5.6,0.8,3.2,13.9,16.3,-0.9,-0.8,-1.7,0
Kai Jones,24,2TM,C,0.804,0.046,9.6,19.7,14.8,7.9,1.6,4.6,12.8,13,1.4,1.5,2.9,0.6
Mason Jones,26,SAC,SG,0.569,0.444,5,17.5,11.2,35.6,0,2.2,4.7,20.3,3.5,-0.6,2.9,0.1
Spencer Jones,23,DEN,SF,0.368,0.5,7.4,7.5,7.5,4.7,1.9,3.6,12.4,13.7,-7.7,-0.8,-8.5,-0.2
Tre Jones,25,2TM,PG,0.617,0.202,3.7,9.9,6.8,28.6,1.9,1,11.6,14.1,0.5,1,1.5,0.8
Tyus Jones,28,PHO,PG,0.585,0.587,2.1,7.8,5,27.7,1.6,0.3,11.4,16.2,1.4,-1.3,0.1,1.1
DeAndre Jordan,36,DEN,C,0.621,0,14,30.3,22.6,9.5,1.1,3.5,19.2,12.8,-1.4,0.2,-1.2,0.2
Cory Joseph,33,ORL,PG,0.547,0.695,3,11.2,6.9,17,2.1,0.6,10,12.8,-2.3,1.4,-0.8,0.2
Nikola Jovi?,21,MIA,PF,0.595,0.557,2.5,14.6,8.6,16.6,1.6,1.1,12.6,18.3,-0.3,0.6,0.3,0.7
Johnny Juzang,23,UTA,SG,0.573,0.661,3.6,12,7.8,7.9,1.5,0.6,6.7,17.6,-0.9,-1.4,-2.3,-0.1
Yuki Kawamura,23,MEM,PG,0.53,0.767,0,13.5,6.8,25.1,1,0,12.8,16.9,-2.6,-0.2,-2.8,0
Kylor Kelley,27,2TM,C,0.644,0,10.4,23.4,16.8,5.3,0.4,2.1,13.2,10.3,-3.5,-1.9,-5.4,-0.1
Luke Kennard,28,MEM,SG,0.631,0.606,2.7,10.4,6.6,18.5,1.6,0.3,13.6,14.5,0.9,0.2,1.1,1.2
Walker Kessler,23,UTA,C,0.66,0.081,16.6,27.1,21.9,8.3,1,7.4,15,13.7,1.1,0.7,1.8,1.7
Braxton Key,27,GSW,SF,0.226,0.25,9.5,10.1,9.8,0,8.8,0,13.1,29.3,-13.9,0.3,-13.6,0
Corey Kispert,25,WAS,SF,0.584,0.584,2.3,9.5,5.9,9.7,0.8,0.8,9.6,17.5,-1.4,-2.2,-3.7,-0.7
Maxi Kleber,33,DAL,PF,0.489,0.51,4.4,11.7,8.1,8.3,0.7,2.3,17.9,8.7,-4.2,0.4,-3.8,-0.3
Bobi Klintman,21,DET,SF,0.689,0.5,2.7,15.7,9.2,22.5,2.3,2.3,8.4,11.9,-1,1.9,1,0
Dalton Knecht,23,LAL,SF,0.594,0.61,2.9,13.1,8.1,6.5,0.8,0.5,5.9,18.5,-0.1,-1.7,-1.8,0.1
Kevin Knox,25,GSW,SF,0.582,0.417,8.7,13.2,10.9,9.4,1.2,4.5,9.2,21.8,-0.7,-0.6,-1.3,0
Tyler Kolek,23,NYK,PG,0.453,0.573,3.1,7.3,5.2,29.5,2,1.3,16.7,15.8,-2.6,-0.3,-2.8,-0.1
Christian Koloko,24,LAL,C,0.624,0.061,11.9,18.2,15.1,6.4,1.2,4.4,14.3,10.8,-3,0.2,-2.8,-0.1
John Konchar,28,MEM,SG,0.592,0.681,7.1,21.4,14.3,8.8,2.5,2.3,14.5,8,-0.7,2.3,1.7,0.5
Luke Kornet,29,BOS,C,0.683,0.011,15.2,15.8,15.5,11.9,1.3,4.8,8.8,11.4,1.6,1.7,3.3,1.8
Vít Krej?í,24,ATL,PG,0.661,0.705,2,13.1,7.4,16.5,1.5,2.1,13.8,12.9,0,0.7,0.7,0.8
Jonathan Kuminga,22,GSW,PF,0.535,0.266,5.1,15.6,10.2,14.6,1.6,1.7,9.6,27.4,-0.5,-0.1,-0.6,0.4
Kyle Kuzma,29,2TM,PF,0.514,0.369,3,17.1,10.2,12.1,0.9,0.9,13.5,24,-2.9,-2,-4.9,-1.4
Skal Labissičre,28,SAC,PF,0.625,0.25,9.3,18.7,14,11.6,0,0,0,14.3,3.3,-1.3,2.1,0
Jock Landale,29,HOU,C,0.59,0.171,11.7,17.6,14.6,10.3,1.3,1.8,11,15.7,0,0.4,0.4,0.3
Jake LaRavia,23,2TM,PF,0.591,0.421,7.2,13.3,10.3,14.6,2.2,1.6,18.2,14.4,-0.8,1.1,0.2,0.8
Pelle Larsson,23,MIA,SG,0.546,0.468,4,9,6.5,11.6,2,0.9,9.5,14.4,-3.8,0.7,-3.1,-0.2
Zach LaVine,29,2TM,SG,0.639,0.438,0.9,12,6.5,18.3,1.1,0.4,13.4,25.3,2.3,-1.6,0.7,1.8
A.J. Lawson,24,TOR,SG,0.542,0.532,4.3,14.9,9.5,9.1,1.3,1.2,6.4,20,-1.5,-1,-2.5,-0.1
Damion Lee,32,PHO,SG,0.499,0.5,2.4,12.8,7.8,11.5,2.1,0,10.7,28.6,-2.9,-2.1,-5.1,-0.1
Alex Len,31,2TM,C,0.525,0.143,11.3,16.7,14,12.6,1.2,5.4,22.1,10.3,-3.9,1.2,-2.6,-0.1
Kawhi Leonard,33,LAC,SF,0.589,0.305,3.4,17.4,10.5,16.4,2.5,1.4,9.6,27.7,2.5,0.6,3.1,1.5
Malevy Leons,25,OKC,SF,0.266,0.5,5.2,10,7.7,5.1,0,0,21,9.6,-10.4,-1.9,-12.4,-0.1
Caris LeVert,30,2TM,SG,0.582,0.474,2.8,11,6.9,18.1,1.7,1.9,10.2,19.4,0.8,0.1,0.9,1.2
Maxwell Lewis,22,2TM,SF,0.516,0.463,6,13.5,9.5,9,1.4,2.1,11.1,16.9,-3.2,-1.1,-4.4,-0.2
E.J. Liddell,24,CHI,PF,0.661,0.667,6,11.7,8.9,7.6,0.9,1.6,11.2,14.1,-2.7,-1.4,-4.1,0
Damian Lillard,34,MIL,PG,0.621,0.528,1.6,12.1,7.1,29.7,1.6,0.4,12.2,27.8,4.7,-0.6,4,3.2
Dereck Lively II,20,DAL,C,0.704,0,13.9,21.3,17.7,14.3,1.2,5.7,15.5,13.6,1.1,2.2,3.3,1.1
Chris Livingston,21,MIL,SF,0.441,0.296,10.7,24.6,17.9,6,2.3,0,15,16.6,-5,-1.1,-6.1,-0.1
Kevon Looney,28,GSW,C,0.535,0.018,16.9,26.9,21.8,14.3,2,3.1,10.8,13.3,-1,1.3,0.3,0.7
Brook Lopez,36,MIL,C,0.624,0.482,5,11.8,8.6,7.8,0.9,5.4,9.1,15.8,0.4,0.4,0.8,1.8
Kevin Love,36,MIA,PF,0.488,0.583,9.8,31.4,20.7,13.1,3,1.5,10.1,24.6,-0.3,0.7,0.4,0.2
Kyle Lowry,38,PHI,PG,0.525,0.752,1.8,10,5.8,19.2,2.5,1.6,13.8,10.1,-2.8,1.5,-1.3,0.1
Trey Lyles,29,SAC,PF,0.551,0.636,6.6,19.6,13.1,7.9,1.5,1.7,8.7,14.3,-0.4,-0.3,-0.7,0.4
Sandro Mamukelashvili,25,SAS,PF,0.628,0.573,9.7,19.7,14.7,10.7,1.6,2.3,7.8,20.8,3.3,-1,2.3,0.7
Terance Mann,28,2TM,SG,0.584,0.395,5.3,10.4,7.8,11.7,1.6,1,9.6,14.7,-1.4,0,-1.3,0.2
Tre Mann,23,CHO,PG,0.537,0.373,3.9,8.9,6.3,21.2,1.1,1.2,12.8,26,-0.6,-1.9,-2.4,0
Lauri Markkanen,27,UTA,PF,0.571,0.57,5.3,14.9,10.1,7.5,1.1,1.1,7.8,24,1.8,-2.1,-0.3,0.7
Naji Marshall,27,DAL,SF,0.584,0.306,4.4,14,9.3,15.8,1.8,0.5,12.5,20,-0.3,-0.5,-0.8,0.6
Caleb Martin,29,2TM,SF,0.513,0.339,4.8,11.7,8.2,10.7,1.9,1.8,13.9,14.4,-2.9,-0.2,-3.2,-0.4
Cody Martin,29,2TM,SF,0.509,0.465,4.8,15.9,10.3,13,2.4,2.7,12.7,14.7,-2.8,1.1,-1.7,0.1
Jaylen Martin,21,2TM,SF,0.497,0.311,4.8,14.4,9.6,10.3,1.8,0,13.3,15.9,-4.5,-1.9,-6.3,-0.3
KJ Martin,24,2TM,PF,0.618,0.289,3.6,11.8,7.6,7.4,0.9,2.3,9.8,11.5,-3.2,-0.3,-3.6,-0.4
Tyrese Martin,25,BRK,SG,0.533,0.606,4.8,14.6,9.5,14.6,1.3,0.7,13.1,18.8,-1.4,-1.2,-2.6,-0.2
Garrison Mathews,28,ATL,SG,0.606,0.848,1.7,10,5.7,9.3,1.5,1.7,9.6,15.9,-1.1,-0.5,-1.6,0.1
Bennedict Mathurin,22,IND,SF,0.579,0.338,4.6,15.2,9.9,8.8,1.1,1,11.9,22.8,-1.3,-1.5,-2.9,-0.5
Karlo Matkovi?,23,NOP,PF,0.639,0.281,8.5,20.4,14.2,8.6,1.3,5,14.5,15.9,-1.9,-0.2,-2,0
Tyrese Maxey,24,PHI,PG,0.562,0.438,0.8,9.6,5,28,2.3,1.1,9.2,29.8,3.2,-1.1,2,2
Miles McBride,24,NYK,SG,0.531,0.57,3.4,8.1,5.8,15.6,2.1,1,6.7,16.8,-0.4,0.4,0,0.8
Jared McCain,20,PHI,SG,0.589,0.485,2.4,8.6,5.4,16.7,1.2,0,11,24.7,1.8,-1.6,0.2,0.3
Mac McClung,26,ORL,SG,0,0.5,0,12.1,5.7,37.8,0,0,0,8.7,-10.2,-0.8,-11,0
CJ McCollum,33,NOP,PG,0.55,0.459,2.4,10.3,6.2,20.6,1.2,1.3,9,27.2,1.2,-2.6,-1.4,0.3
T.J. McConnell,32,IND,PG,0.547,0.079,3.5,11.6,7.6,37,2.8,1.3,14.2,23.4,0.6,0.6,1.2,1.2
Kevin McCullar Jr.,23,NYK,SF,0.381,0.143,0,31.3,15.8,8.4,1.7,3.2,0,11.8,-8.5,1.3,-7.2,0
Jaden McDaniels,24,MIN,PF,0.562,0.363,5.6,14.2,10,9,2.1,2.6,9.6,16.3,-1.4,1.4,0,1.4
Jalen McDaniels,27,WAS,SF,,,0,0,0,17.4,6.8,0,,0,-0.5,6,5.6,0
Doug McDermott,33,SAC,SF,0.617,0.863,1,6.2,3.6,2.8,0.6,0.6,4.8,15.7,-0.8,-2.4,-3.2,-0.1
Bryce McGowens,22,POR,SG,0.391,0.286,6.6,3.5,5.1,8.7,1.5,0,19.4,26.8,-9.9,-3.8,-13.6,-0.1
Jordan McLaughlin,28,2TM,PG,0.6,0.639,2.1,8.5,5.3,21,2.5,0.3,16.4,13.3,-1.6,0,-1.6,0
Jack McVeigh,28,HOU,PF,0.412,0.765,4.9,7.6,6.2,3,0,4.2,10.5,18.2,-4.8,-3,-7.7,-0.1
De'Anthony Melton,26,GSW,SG,0.539,0.648,5.2,12.8,8.9,21.1,2.8,1.6,14.8,23.5,-1.6,0.8,-0.8,0
Sam Merrill,28,CLE,SG,0.583,0.868,3,8.9,6.1,9.6,1.8,0.9,7.4,14.3,-0.4,0.7,0.3,0.8
Vasilije Mici?,31,2TM,PG,0.462,0.458,2.7,9.6,6,24.3,0.9,0,20.9,19.9,-4.6,-2.4,-7,-1
Khris Middleton,33,2TM,SF,0.588,0.395,1.7,15.4,8.7,26.8,2,0.9,13,22,0.4,0.3,0.7,0.6
Brandon Miller,22,CHO,SF,0.54,0.597,2.8,12.5,7.6,18.3,1.5,2.1,12.6,27.7,0.8,-0.8,0,0.4
Emanuel Miller,24,CHI,PF,0.563,0.125,17.1,16.5,16.8,10.9,1.9,0,0,14.8,-0.9,-0.9,-1.8,0
Jordan Miller,25,LAC,SF,0.509,0.284,6.3,9.3,7.8,11.2,2,1.2,14.8,18.2,-3,0.2,-2.8,-0.1
Leonard Miller,21,MIN,SF,0.54,0.333,10.6,27.3,19.1,0,3.1,2.9,9.7,27.8,-3.4,-0.3,-3.7,0
Patty Mills,36,2TM,PG,0.543,0.781,1.4,6,3.7,11.1,1.9,0.9,14.3,15.6,-3.2,0,-3.2,-0.1
Shake Milton,28,2TM,SG,0.563,0.417,4.2,9.9,7,18.3,1.5,0.5,12.5,16.7,-1.7,-0.5,-2.2,0
Justin Minaya,25,POR,SF,0.411,0.476,5.2,5.5,5.4,9.1,2.9,0.9,18.6,11.1,-7.1,1.7,-5.4,-0.1
Riley Minix,24,SAS,SF,0,1,0,30.7,15.3,0,0,0,0,6.1,-8.5,-3.3,-11.8,0
Josh Minott,22,MIN,SF,0.605,0.478,4.9,13.8,9.4,9.5,2.7,4,10.1,17.2,-0.7,2.9,2.2,0.3
Yves Missi,20,NOP,C,0.572,0.002,13.7,19.7,16.6,7.2,0.9,4.8,12.4,14.3,-1.6,-1.4,-3,-0.5
Ajay Mitchell,22,OKC,SG,0.587,0.326,3.3,8.8,6.1,13.8,2,0.7,12.7,16.2,-2.5,0.9,-1.6,0.1
Davion Mitchell,26,2TM,PG,0.573,0.443,1.9,7.1,4.5,24.2,1.7,0.8,20,13.6,-2.8,0.2,-2.6,-0.3
Donovan Mitchell,28,CLE,SG,0.575,0.48,2.8,12.5,7.8,23.9,2,0.7,9.2,30.9,3.8,-0.2,3.7,3.2
Evan Mobley,23,CLE,PF,0.633,0.254,8.4,24,16.5,15.1,1.4,4.7,12.2,23.2,3.1,1.5,4.6,3.6
Isaiah Mobley,25,PHI,PF,0.381,0.429,6.4,20.8,13.3,41.8,2.9,5.8,0,20.2,0,4.8,4.7,0
Jonathan Mogbo,23,TOR,PF,0.496,0.197,8.9,17.3,13,15.3,2.1,2.5,15.1,15,-2.9,1,-1.9,0
Malik Monk,26,SAC,SG,0.549,0.456,1.6,11.7,6.7,25.7,1.5,1.8,13.5,24.6,0.3,-1.1,-0.8,0.6
Moses Moody,22,GSW,SG,0.578,0.593,3.3,9.2,6.2,8.3,1.7,1.8,7.9,17.4,-0.9,0,-0.9,0.5
Taze Moore,26,POR,SG,0.276,0.4,21.1,22.3,21.7,6.8,4.9,0,15.5,26.8,-3.9,-0.4,-4.3,0
Wendell Moore Jr.,23,2TM,SG,0.553,0.325,6.4,14.3,10.3,11.6,1.9,1,16.6,13.8,-2.6,-0.1,-2.7,-0.1
Ja Morant,25,MEM,PG,0.563,0.321,2.4,11.8,7.1,36,1.9,0.7,15.2,32.2,3.1,-0.7,2.4,1.7
Markieff Morris,35,2TM,PF,0.385,0.514,2.1,13.1,7.8,17.5,0.6,1.7,6.4,20.5,-5.2,-2.5,-7.6,-0.2
Monte Morris,29,PHO,PG,0.546,0.441,2.4,10.5,6.5,18.1,1.7,0.5,9,18.1,-1,-0.8,-1.8,0
Trey Murphy III,24,NOP,SF,0.598,0.522,2.7,13.2,7.8,15.9,1.5,2,9.9,23.7,2.1,-1.4,0.8,1.3
Dejounte Murray,28,NOP,PG,0.494,0.352,1.8,20.1,10.7,34.6,3,1.1,16.2,27.3,-1.3,-0.3,-1.6,0.1
Jamal Murray,27,DEN,PG,0.584,0.354,2.2,9.3,5.9,23.2,1.8,1.2,10.1,24,1.8,-1,0.8,1.7
Keegan Murray,24,SAC,PF,0.553,0.548,6.3,15.5,10.9,5.6,1.1,2.6,6.6,15,-0.8,-0.8,-1.6,0.2
Kris Murray,24,POR,SF,0.472,0.43,7.7,11.3,9.5,9,1.6,1.5,12.4,13.9,-3.1,0.1,-3,-0.3
Svi Mykhailiuk,27,UTA,SF,0.526,0.672,3.1,9.6,6.4,14.7,1.2,0.9,14.1,20.3,-1.4,-2.1,-3.5,-0.3
Larry Nance Jr.,32,ATL,PF,0.632,0.49,5.3,19.4,12.2,11.3,2,2.6,9.1,15.7,1.1,0.7,1.8,0.4
Pete Nance,24,2TM,C,0.578,0.75,4,12.9,8.4,9.7,0.7,1.4,10.8,11.7,-3.1,-1.7,-4.9,-0.1
Andrew Nembhard,25,IND,SG,0.545,0.325,2,10.7,6.4,22.5,2,0.5,15.8,16.3,-2.6,0.3,-2.3,-0.1
Aaron Nesmith,25,IND,SF,0.653,0.515,3.7,13.9,8.8,6.6,1.5,1.4,8.2,17.4,0,-0.5,-0.5,0.4
Tristen Newton,23,2TM,SG,0.178,0.375,14.1,13.6,13.9,15.4,3.1,0,19.2,28.2,-16.7,-4,-20.7,-0.1
Georges Niang,31,2TM,PF,0.607,0.66,3.1,14.3,8.7,8.8,0.8,0.8,11.3,17.9,-1.1,-1.2,-2.3,-0.1
Daishen Nix,22,MIN,PG,0.266,1,0,33.6,17.1,27.2,0,0,68,19.6,-14.9,-1.2,-16.2,0
Zeke Nnaji,24,DEN,PF,0.574,0.369,6.3,9.8,8.1,4.6,2,5.6,8,12.2,-2.1,0.7,-1.3,0.1
Miles Norris,24,BOS,PF,0.354,0.778,6.2,21.7,14,0,2.9,2.6,0,12.4,-2.3,0.4,-1.9,0
Jaylen Nowell,25,NOP,SG,0.43,0.37,3.7,9.3,6.4,15.6,0.3,2.3,9.3,21.6,-3.2,-2.5,-5.7,-0.2
Jusuf Nurki?,30,2TM,C,0.555,0.298,8.8,32,20.5,16.8,1.9,3.1,19.2,20.6,-2.2,0.9,-1.3,0.2
Royce O'Neale,31,PHO,SF,0.585,0.774,3.3,17.5,10.6,12.3,1.8,1.7,10.1,15.5,0.2,-0.1,0.1,1
Jahlil Okafor,29,IND,C,,,0,36.8,18.6,37,0,0,,0,2.5,4.9,7.5,0
Chuma Okeke,26,2TM,PF,0.641,0.7,11.7,15.5,13.5,10.5,1.3,2,6.8,9.8,1.6,-1.8,-0.2,0.1
Josh Okogie,26,2TM,SG,0.567,0.434,8,11.8,9.9,7.9,3.8,2.8,11.1,19.5,-0.1,1.6,1.5,0.6
Onyeka Okongwu,24,ATL,C,0.634,0.216,11.4,24,17.5,11.4,1.6,3,10.4,17.3,1.2,0.2,1.3,1.7
Isaac Okoro,24,CLE,SG,0.587,0.566,5.2,8.1,6.7,8,1.5,1.4,7.4,12.5,-1.1,0.6,-0.5,0.4
Quincy Olivari,23,LAL,PG,0.3,1,0,0,0,13.3,0,0,16.7,26.3,-10.1,-8.5,-18.6,0
Kelly Olynyk,33,2TM,C,0.609,0.295,7.3,17.9,12.4,20.5,1.8,2,19.4,18.5,-1.1,0.4,-0.7,0.3
Kelly Oubre Jr.,29,PHI,SF,0.551,0.327,5.1,15.4,10,7.9,2.2,1.4,8.9,18.9,-1.7,-0.6,-2.3,-0.1
Chris Paul,39,SAS,PG,0.58,0.636,1.5,12.3,6.9,34.8,2.2,0.9,17.1,14,0.3,0.5,0.8,1.6
Cameron Payne,30,NYK,PG,0.532,0.574,1.5,9.4,5.5,25.5,1.8,1.4,10,20.8,-0.1,-0.2,-0.2,0.5
Elfrid Payton,30,2TM,PG,0.34,0.049,3.1,13.9,8.3,43.3,2.3,2.1,32.1,15.2,-5.1,-1.3,-6.4,-0.6
Gary Payton II,32,GSW,SG,0.635,0.319,6,15.8,10.7,13.5,2.7,1.7,11,16.1,-0.5,2,1.4,0.8
Drew Peterson,25,BOS,PF,0.601,0.805,5.3,18.1,11.7,9.1,1.3,1,15.1,12.5,-1.8,1,-0.8,0.1
Julian Phillips,21,CHI,SF,0.571,0.533,6.4,9.4,7.9,4.4,1.6,1.5,7.8,12.9,-2.6,-0.4,-3,-0.3
Jalen Pickett,25,DEN,SG,0.545,0.561,2.6,8.8,5.9,19.5,1.4,0.7,11.6,13.2,-0.8,-0.7,-1.5,0.1
Scotty Pippen Jr.,24,MEM,PG,0.582,0.369,4.1,12.1,8.1,27.1,2.8,1.6,17.1,19.3,0,1.8,1.9,1.7
Daeqwon Plowden,26,ATL,SG,0.831,0.68,5.9,10.9,8.4,4.1,0,0,13.4,17,1.5,-1.5,-0.1,0
Mason Plumlee,34,PHO,C,0.645,0.02,10.2,28.4,19.5,13.6,1.3,3.4,18.6,10.8,-1.5,1,-0.6,0.5
Brandin Podziemski,21,GSW,SG,0.557,0.491,4,16.8,10.2,18.7,2,0.7,10.1,18.3,-0.1,0.8,0.7,1.2
Jakob Poeltl,29,TOR,C,0.641,0.005,11.7,23.3,17.4,14.5,1.9,4,14.7,18.7,0.7,1.3,2,1.7
Jordan Poole,25,WAS,SG,0.591,0.588,1.6,9,5.3,25.6,2,1.2,14.8,29,2,-1.6,0.4,1.2
Craig Porter Jr.,24,CLE,PG,0.61,0.343,4.1,9.9,7.1,17.7,1.6,2.6,19.8,15.9,0.1,1,1.1,0.4
Kevin Porter Jr.,24,2TM,SG,0.531,0.271,3.2,17.3,10.4,25.9,2.7,0.9,15.8,25.4,-1.6,0.9,-0.6,0.5
Michael Porter Jr.,26,DEN,SF,0.617,0.467,6.1,16.2,11.4,8.7,0.9,1.3,8.4,20.2,1.6,-1.7,-0.1,1.2
Bobby Portis,29,MIL,PF,0.542,0.299,8.2,27,18,12.9,1.4,1.9,8.3,24.1,0.6,-0.4,0.2,0.7
Kristaps Porzi??is,29,BOS,C,0.618,0.436,6.1,19.3,12.8,11.4,1.3,4.8,7.4,25.9,3.5,1.2,4.7,2.1
Quinten Post,24,GSW,PF,0.595,0.653,5.3,18.3,11.6,12.2,1.1,2.5,10.3,19.6,0.1,0,0.1,0.4
Micah Potter,26,UTA,C,0.563,0.726,6.6,18.4,12.5,5.8,1,1.9,17.7,10.3,-2.9,-0.6,-3.5,-0.3
Dwight Powell,33,DAL,C,0.713,0.082,9.5,13.7,11.7,12.5,1.6,3.3,18.4,7.6,-1.5,1.5,0,0.3
Norman Powell,31,LAC,SG,0.615,0.453,1.2,9.6,5.5,10.2,1.8,0.5,9.2,26.1,1.7,-0.2,1.5,1.8
Taurean Prince,30,MIL,SF,0.613,0.652,1.8,12.2,7.2,9.4,1.7,0.6,13.3,12.5,-2,0.3,-1.7,0.1
Payton Pritchard,27,BOS,PG,0.633,0.723,4.9,9.8,7.3,18.1,1.5,0.6,8.4,19,3.4,0.2,3.5,3.2
Olivier-Maxence Prosper,22,DAL,PF,0.484,0.293,8.4,15,11.8,9.1,2.2,0.9,6.3,16.3,-1.6,-0.5,-2.1,0
Zyon Pullin,23,MEM,SG,0,0,0,0,0,0,0,0,0,13.4,-15,-7.7,-22.7,0
Trevelin Queen,27,ORL,SG,0.486,0.524,6.6,7.9,7.2,13.3,3.6,2.2,12.3,18.1,-2.6,2.3,-0.3,0.2
Neemias Queta,25,BOS,C,0.674,0.015,11.2,18.5,14.9,7.4,1,4.5,14.8,13.7,-1.7,1,-0.7,0.3
Immanuel Quickley,25,TOR,PG,0.57,0.514,1.8,12.1,6.8,31.5,1.2,0.4,10.5,25.1,3.2,-1,2.2,1
Lester Quińones,24,2TM,SG,0.514,0.564,2.4,9.1,5.7,19.4,0.8,1,14.3,22.6,-3.2,-2.9,-6.1,-0.2
Julius Randle,30,MIN,PF,0.593,0.334,7.3,16.8,12.1,22.5,1,0.7,15.3,25,1.5,-0.2,1.3,1.8
Duop Reath,28,POR,C,0.552,0.639,9.9,11.4,10.6,8,1.2,2.7,8.3,17,0.2,-0.5,-0.3,0.2
Austin Reaves,26,LAL,SG,0.616,0.512,2.8,11.5,7.3,24.9,1.6,0.8,12.9,23.7,2.4,-0.5,1.9,2.6
Cam Reddish,25,LAL,SF,0.498,0.5,3.3,9.1,6.3,4.8,2.8,1.6,10.2,8.8,-4.4,1.6,-2.7,-0.1
Paul Reed,25,DET,C,0.573,0.197,10.2,20.8,15.6,14,4.3,5.4,13.9,18,-1.2,4,2.9,0.5
Alex Reese,25,2TM,PF,0.641,0.759,4.5,20.8,12.3,2.6,2.3,4.5,9.2,13.2,-0.9,-0.3,-1.2,0
Antonio Reeves,24,NOP,SG,0.579,0.52,2.9,7.6,5.1,8.8,1.5,0.6,10.2,18.8,-1.2,-2,-3.2,-0.2
Naz Reid,25,MIN,C,0.577,0.501,4.7,19.3,12.1,12.6,1.3,3,9.9,21.5,0.8,0.8,1.6,2
Jared Rhoden,25,2TM,SG,0.602,0.448,6.5,13.5,9.9,10.5,2.1,0.8,8.4,19.7,-0.5,0,-0.5,0.1
Nick Richards,27,2TM,C,0.634,0.006,13.1,27.5,20.4,5.9,0.5,4.2,16.3,17.3,-2,-1.3,-3.3,-0.4
Josh Richardson,31,MIA,SG,0.402,0.579,4.5,4.4,4.4,10.5,2.7,0.6,16.8,14.1,-7.3,0.6,-6.7,-0.2
Zaccharie Risacher,19,ATL,SF,0.558,0.442,5,11.1,8,7.1,1.3,1.8,9.8,20.9,-1.7,-1.8,-3.5,-0.7
Liam Robbins,25,MIL,C,0.363,0.25,13.9,9.2,11.4,4.2,1.7,3.3,32.6,14.2,-9.2,-1.3,-10.5,-0.1
Duncan Robinson,30,MIA,SF,0.595,0.729,1.1,9.1,5.2,14.7,1.1,0.3,11.1,19.2,-0.7,-1.1,-1.7,0.1
Mitchell Robinson,26,NYK,C,0.676,0,20.8,19.2,20,5.9,2.7,5.8,13.4,11.1,1.5,1.8,3.3,0.4
Orlando Robinson,24,2TM,C,0.519,0.199,12.1,18.7,15.4,14,1.1,2,14.4,18.5,-3,-0.4,-3.4,-0.3
Jeremiah Robinson-Earl,24,NOP,PF,0.563,0.473,9.3,18.4,13.7,9.9,1.5,0.5,12.1,14.4,-0.9,-1.6,-2.5,-0.2
David Roddy,23,3TM,PF,0.561,0.488,3.4,19.5,11.2,11.5,1.6,2,13.9,16,-1.6,0.1,-1.5,0.1
Ryan Rollins,22,MIL,PG,0.6,0.443,2.9,11.1,7.2,17.8,2.5,1.9,15.4,18.4,-1.4,0.9,-0.5,0.3
Jackson Rowe,28,GSW,PF,0.56,0.588,6,17,11.4,11.1,3.7,0,4.8,16.7,-0.5,1.5,1,0
Terry Rozier,30,MIA,PG,0.497,0.485,3,12.8,7.9,14.8,1.1,0.8,10.3,20.4,-2.6,-1,-3.7,-0.7
Rayan Rupert,20,POR,SG,0.499,0.415,6,10.6,8.2,7.6,1.7,0.8,16.2,16.8,-4.1,-0.6,-4.7,-0.3
D'Angelo Russell,28,2TM,PG,0.522,0.564,1.5,11,6.2,31.2,1.9,1.5,13.3,24,0,-0.4,-0.4,0.6
Matt Ryan,27,NYK,SF,0.439,0.613,0,13.4,6.8,5.9,1.5,0,8.6,22.3,-5.1,-2.3,-7.5,-0.1
Domantas Sabonis,28,SAC,C,0.655,0.175,12.3,32.6,22.4,26,1,1,16.5,21.6,4.2,1.1,5.2,4.4
Tidjane Salaün,19,CHO,PF,0.457,0.594,5.9,18.4,12,8.5,1.1,1.1,13.1,15.2,-4.3,-0.8,-5.2,-1
Adama Sanogo,22,CHI,C,0.571,0,25.4,4.9,15,6.7,0,0,12.5,15.9,0.7,-3.4,-2.6,0
Gui Santos,22,GSW,PF,0.575,0.575,9.9,14.5,12.1,14.2,1.6,1.2,17.5,13.2,-2.2,0.5,-1.7,0.1
Dario Šari?,30,DEN,C,0.449,0.448,7.7,17.9,13.1,13.1,1.6,0.4,19.4,15.6,-4.4,-0.4,-4.8,-0.1
Alex Sarr,19,WAS,C,0.482,0.412,7.1,17.9,12.5,13.9,1.2,5,11.2,23.5,-2.2,-1,-3.3,-0.6
Marcus Sasser,24,DET,PG,0.589,0.514,2.5,6.9,4.7,22.9,2.2,0.5,14.5,19.4,-0.4,-0.2,-0.6,0.3
Baylor Scheierman,24,BOS,SG,0.49,0.745,5.4,13,9.2,11.3,2.2,0.5,9.4,14.5,-2.5,0.8,-1.7,0
Dennis Schröder,31,3TM,PG,0.531,0.449,1.4,9.2,5.2,28.7,1.5,0.6,13.3,21.6,-1.3,-0.9,-2.2,-0.1
Alperen ?engün,22,HOU,C,0.545,0.079,11.4,23.8,17.5,24.1,1.7,2.3,12.7,26.2,2.6,1.8,4.4,3.9
Brice Sensabaugh,21,UTA,SF,0.612,0.621,3.2,12.6,7.9,12,1.5,0.5,14.5,21.5,0.4,-1.6,-1.2,0.3
Collin Sexton,26,UTA,SG,0.593,0.313,3.7,6.8,5.2,25.1,1.3,0.3,14.1,27,1.7,-2.3,-0.6,0.6
Landry Shamet,27,NYK,SG,0.601,0.678,1.7,7.5,4.6,4.7,1.5,0.2,8.5,14.8,-1.9,-0.6,-2.4,-0.1
Terrence Shannon Jr.,24,MIN,SG,0.56,0.272,3.3,11.9,7.7,13.8,1,1.4,10.9,17.7,-2.1,0,-2.1,0
Day'Ron Sharpe,23,BRK,C,0.568,0.142,17.8,23.8,20.7,16.8,2.3,4.6,15.3,19.9,0,0.9,0.9,0.7
Shaedon Sharpe,21,POR,SG,0.551,0.428,3.2,12.7,7.8,14.2,1.3,0.6,11,25.1,0,-1.3,-1.3,0.4
Jamal Shead,22,TOR,PG,0.499,0.442,2.1,6.4,4.2,29.8,1.9,0.7,18,18.6,-3.2,-0.9,-4.1,-0.8
Ben Sheppard,23,IND,SG,0.555,0.693,4,12,8,8.6,1.5,1,6.9,11.3,-2.2,0.2,-2,0
Reed Sheppard,20,HOU,PG,0.465,0.594,2.6,10.3,6.4,15.2,2.6,2.3,13.1,17.8,-3,1.3,-1.7,0.1
Pascal Siakam,30,IND,PF,0.599,0.274,5.9,17.6,11.8,15.7,1.3,1.5,7.6,24.2,2.2,-0.5,1.7,2.4
Ben Simmons,28,2TM,PG,0.539,0,4.6,20.3,12.2,37,1.7,2,30,13.2,-2.3,1.8,-0.5,0.4
Anfernee Simons,25,POR,SG,0.557,0.527,1.2,8,4.5,23.3,1.3,0.2,10.6,24.6,1.5,-1.5,-0.1,1.1
KJ Simpson,22,CHO,PG,0.437,0.432,4.8,9,6.9,19.8,2,0.7,14.8,19.1,-4.5,-0.9,-5.4,-0.7
Jaylen Sims,26,CHO,SG,0.607,0.536,2.8,2.9,2.9,15.6,1.3,0.9,18.8,16.2,-2.8,-1.3,-4.1,-0.1
Jericho Sims,26,2TM,C,0.639,0,12.9,22,17.6,6.4,0.8,2.8,30.1,7.6,-3.1,0.1,-3,-0.2
Marcus Smart,30,2TM,PG,0.529,0.549,2.8,8.3,5.6,21.7,2.7,1.2,15.8,20.6,-1.6,0.1,-1.5,0.1
Dru Smith,27,MIA,SG,0.656,0.492,5,9.8,7.4,12,3.9,2.1,20.4,13.8,-1.3,3.4,2.1,0.3
Jabari Smith Jr.,21,HOU,PF,0.562,0.489,6.4,18.6,12.4,4.7,0.7,2.1,8.9,16.4,-0.8,0.1,-0.7,0.6
Jalen Smith,24,CHI,C,0.586,0.544,9.9,28.7,19.5,9.7,0.8,4,7.6,21,1.5,-0.6,0.9,0.7
Nick Smith Jr.,20,CHO,SG,0.502,0.539,1,9.1,5,16.7,0.6,0.4,12.2,20.8,-3.2,-2.6,-5.7,-1.3
Tolu Smith,24,DET,PF,0.678,0,20.3,20,20.1,0,0,0,16.2,23.6,-2.4,-6.5,-8.9,0
Tyler Smith,20,MIL,PF,0.626,0.6,5.6,16.3,11.1,4.9,1.2,3.1,13,22.1,0.4,-1.2,-0.9,0
Jeremy Sochan,21,SAS,PF,0.589,0.194,10,17.7,13.8,13.7,1.6,1.8,13.8,19,-0.8,-0.4,-1.2,0.3
Cam Spencer,24,MEM,SG,0.587,0.634,5.1,7.5,6.3,16.9,1.7,0.4,6.2,15.4,0.3,0.2,0.5,0.2
Pat Spencer,28,GSW,PG,0.455,0.218,6.3,13.7,9.9,28.1,2.7,1.1,14.3,21.2,-3,1.4,-1.6,0
Jaden Springer,22,2TM,PG,0.511,0.533,5.1,12.1,8.6,12.1,3.2,1,13,14.3,-4.3,1.6,-2.7,-0.1
Isaiah Stevens,24,MIA,PG,0,0.5,0,36.5,18.4,0,8.3,0,0,14.8,-19.5,7.7,-11.8,0
Lamar Stevens,27,MEM,PF,0.545,0.429,2.8,23,13,6.9,1.5,1.8,12.8,20.2,-3.6,-0.6,-4.2,-0.1
Isaiah Stewart,23,DET,C,0.616,0.168,10.1,20.6,15.4,11.3,0.9,6.7,16.1,12.4,-1.6,2.1,0.6,0.9
Julian Strawther,22,DEN,SG,0.559,0.553,1.4,9.5,5.6,7.6,1.4,1,9.8,17.8,-3.1,-1.4,-4.5,-0.9
Max Strus,28,CLE,SF,0.607,0.786,4.6,13.6,9.2,15.6,1,0.9,12.2,14.7,1.1,0.2,1.3,1.1
Jalen Suggs,23,ORL,PG,0.536,0.503,2.5,14.2,8.1,21.6,2.5,3.2,16.2,27.5,-0.8,1.3,0.4,0.6
Cole Swider,25,2TM,SF,0.465,0.746,3.1,14.3,8.6,2.3,1.1,1.1,5.9,16.7,-4.9,-2.4,-7.3,-0.2
Jae'Sean Tate,29,HOU,SF,0.557,0.311,8.9,12.4,10.6,10.5,2.2,1.1,11.5,13.3,-2.1,1.4,-0.7,0.2
Jayson Tatum,26,BOS,PF,0.582,0.497,2,23.7,12.9,27,1.5,1.3,11.2,31.2,4.4,0.8,5.2,4.8
Terry Taylor,25,SAC,PF,0,0,18.6,0,9.3,37.6,0,0,0,7.2,3.2,0.1,3.3,0
Garrett Temple,38,TOR,SG,0.406,0.467,4.2,9.7,6.8,17.4,3.6,0.8,13.3,13.9,-5.7,2.1,-3.6,-0.1
Dalen Terry,22,CHI,SG,0.546,0.388,4.1,9,6.6,12.7,2.1,1.3,15.1,14.9,-4,0.2,-3.8,-0.5
Daniel Theis,32,NOP,C,0.558,0.287,7.4,21.5,14.2,13,1.4,3.1,14.7,11.6,-3.3,0,-3.3,-0.2
Cam Thomas,23,BRK,SG,0.575,0.43,2.1,10.4,6,22.9,1,0.3,10.6,32.6,2.8,-2.6,0.3,0.5
Amen Thompson,22,HOU,SF,0.602,0.131,9,18.2,13.5,16.9,2.1,3.6,14.6,17.5,1.4,2.6,4.1,3.4
Ausar Thompson,22,DET,SF,0.568,0.107,9.3,15.9,12.6,14.4,3.5,2.9,13.3,19.1,-0.8,2.5,1.7,1.2
Klay Thompson,34,DAL,SF,0.552,0.631,2.5,11,6.8,10.7,1.2,1.3,8.8,21.8,0.7,-1.6,-1,0.5
Tristan Thompson,33,CLE,C,0.41,0.042,10.9,32.7,22.1,8.8,0.3,3,14.3,12.7,-4.9,0.3,-4.6,-0.2
JT Thor,22,2TM,PF,0.517,0.356,8.4,11.8,10.1,3.3,1.5,3.2,11.6,13.1,-4.3,-1.1,-5.4,-0.2
Matisse Thybulle,27,POR,SG,0.592,0.545,4.7,13.6,9,12.7,5.1,2.6,12.1,14.4,0,5.1,5,0.6
Xavier Tillman Sr.,26,BOS,C,0.31,0.604,4.7,15.5,10.1,3.8,2.4,2,20.4,13.1,-8.4,0.3,-8.1,-0.4
Drew Timme,24,BRK,PF,0.5,0.343,7.3,22.5,14.5,13.1,0.8,0.4,12.1,21.3,-3.9,-2.8,-6.7,-0.3
Nae'Qwan Tomlin,24,CLE,PF,0.489,0.313,15.9,20.1,18.1,4.4,0,1.4,5.1,26.1,-3,-2.4,-5.5,-0.1
Jacob Toppin,24,2TM,SF,0.523,0.455,4.5,17.9,11.2,10.2,1.3,0,12,13.9,-1.8,-0.8,-2.6,0
Obi Toppin,26,IND,PF,0.642,0.503,4.1,18.7,11.5,11.9,1.4,1.6,9.5,20.1,1.8,-0.1,1.7,1.4
Karl-Anthony Towns,29,NYK,C,0.63,0.278,9.8,32,21,13.8,1.4,1.9,12.1,27.4,3.5,0.1,3.6,3.5
Armel Traoré,22,LAL,SF,0.317,0.368,3.5,21.2,12.6,2,2.9,2.8,12,16.4,-9.5,-0.4,-9.8,-0.1
Luke Travers,23,CLE,SG,0.287,0.45,10.1,14.4,12.3,10.5,0.5,1,27.7,13.9,-7.8,-1.9,-9.7,-0.2
Gary Trent Jr.,26,MIL,SG,0.591,0.659,1.2,8.2,4.8,6.4,1.8,0.2,5.7,17.1,-1.2,-0.4,-1.6,0.2
Oscar Tshiebwe,25,UTA,C,0.64,0,19.6,31.9,25.8,5.3,2.4,0.4,10.7,15.3,0.6,-2,-1.4,0
P.J. Tucker,39,NYK,SF,0.643,0.857,8,7.8,7.9,0,0.9,1.6,12.5,6,-4.8,-2.4,-7.2,-0.1
Myles Turner,28,IND,C,0.612,0.486,4.7,19.4,12.1,7.1,1.2,6,11.8,20.7,0,0.4,0.4,1.3
Hunter Tyson,24,DEN,PF,0.506,0.617,7.2,13.9,10.7,6.1,1.2,1.3,9.6,15.5,-3.3,-1.5,-4.8,-0.3
Jaylon Tyson,22,CLE,SG,0.523,0.389,9.1,13.7,11.5,12.4,1.4,0.6,14,17.4,-2.4,-0.2,-2.7,-0.1
Stanley Umude,25,MIL,SG,0.27,0.577,5.3,15.8,10.7,5.7,1.7,6.5,9.8,15.7,-7.5,-0.7,-8.1,-0.1
Jonas Valan?i?nas,32,2TM,C,0.602,0.059,13.3,30.7,22,17.6,1.2,2.8,14.6,22.8,0.8,-0.1,0.6,1
Jarred Vanderbilt,25,LAL,PF,0.537,0.264,13.6,21.5,17.6,9.4,3,1.6,17.5,12.5,-2.3,1.3,-1,0.2
Fred VanVleet,30,HOU,PG,0.515,0.607,1.6,9.7,5.6,21.2,2.2,1.1,9.6,17.7,-0.4,1.3,0.9,1.5
Devin Vassell,24,SAS,SG,0.553,0.483,1.8,12,6.9,13.8,2,1.5,8.5,22.1,-0.3,-0.8,-1.1,0.4
Gabe Vincent,28,LAL,PG,0.536,0.736,1.5,5.2,3.4,8.7,1.6,0.8,8.7,13.5,-3.8,-0.1,-4,-0.8
Nikola Vu?evi?,34,CHI,C,0.611,0.309,8.3,25.2,16.9,17.1,1.2,2,9.7,22.4,2.5,0.1,2.6,2.7
Tristan Vukcevic,21,WAS,C,0.608,0.421,5.2,21.2,13.2,13,1,4,13.4,25.7,0.4,-0.9,-0.5,0.2
Dean Wade,28,CLE,PF,0.563,0.819,4.5,16.6,10.8,7.3,1.6,1.4,7.2,10.4,-1,1.2,0.3,0.7
Franz Wagner,23,ORL,SF,0.558,0.303,3,17.1,9.7,26.6,1.9,1,9.6,31,2.6,0.5,3.1,2.6
Moritz Wagner,27,ORL,C,0.649,0.301,7.7,23.1,15,13.7,2.1,2,14.1,26.8,2.6,1.4,4,0.9
Jabari Walker,22,POR,PF,0.601,0.314,8.3,22.6,15.3,7.2,2.1,0.7,11.6,16.3,-1.2,0.5,-0.8,0.2
Jarace Walker,21,IND,PF,0.59,0.514,2.4,19,10.8,12.2,2.2,1.9,16.7,17.1,-1.8,0.8,-0.9,0.3
Lonnie Walker IV,26,PHI,SG,0.548,0.599,1.4,14.1,7.5,16.5,1,1,10,22.8,0,-2.4,-2.4,0
Cason Wallace,21,OKC,SG,0.562,0.425,4.1,8.8,6.5,11.5,3.1,1.9,10.5,12.8,-1.5,2.6,1,1.5
Keaton Wallace,25,ATL,PG,0.503,0.506,1.5,9.6,5.5,21,2.6,1.7,16.5,16.4,-3.3,1,-2.3,0
Jordan Walsh,20,BOS,PF,0.464,0.663,6.2,12.4,9.3,6,1.5,2.5,16.1,11.5,-4.4,0.5,-3.9,-0.2
Ja'Kobe Walter,20,TOR,SG,0.523,0.473,5.6,10.1,7.8,10.2,1.9,0.9,10.4,18.2,-2.3,-0.6,-3,-0.3
Kel'el Ware,20,MIA,C,0.603,0.239,9.1,27.5,18.4,6.5,1.4,4.8,10.4,17.2,-0.7,0.6,-0.1,0.7
P.J. Washington,26,DAL,PF,0.556,0.359,5,20.9,13.1,10.1,1.7,2.8,13.6,20.4,-1.1,0.2,-0.9,0.5
TyTy Washington Jr.,23,PHO,PG,0.367,0.467,3.9,8.3,6.1,18.5,1.3,0,5.9,19,-5.6,-2.5,-8,-0.2
Lindy Waters III,27,2TM,SG,0.504,0.747,2.7,12.8,7.6,9.1,1.7,1.3,7.3,14.8,-3,0.2,-2.8,-0.2
Trendon Watford,24,BRK,PF,0.557,0.251,4.4,16,9.9,21,1.5,1.3,17.1,23.3,-2.3,-0.8,-3.1,-0.3
Anton Watson,24,NYK,SF,0.444,0.111,5.3,10.3,7.8,12.8,2.3,0,18.2,21.7,-8.3,-1.8,-10.1,0
Peyton Watson,22,DEN,SF,0.564,0.318,3.3,11.8,7.7,7,1.4,5,10.3,13.9,-2.1,0.3,-1.8,0.1
Jaylen Wells,21,MEM,SG,0.56,0.58,4.6,9.3,6.9,8.4,1,0.4,8.6,15.9,-1.2,-1,-2.2,-0.1
Victor Wembanyama,21,SAS,C,0.594,0.47,5.7,29.8,17.7,18.3,1.6,10.4,13.7,30.4,3.6,2.9,6.5,3.3
Blake Wesley,21,SAS,SG,0.51,0.312,2.7,6.9,4.8,22.3,2.6,0.8,20.2,16.7,-3.9,-0.3,-4.2,-0.4
Russell Westbrook,36,DEN,PG,0.532,0.35,5.6,13.4,9.7,28.8,2.4,1.6,20.6,23.8,-0.9,-0.2,-1.1,0.5
Phillip Wheeler,22,PHI,PF,0.183,0.476,4.9,16.1,10.3,6,1.1,4.5,4.4,22.6,-12,-6.2,-18.2,-0.2
Coby White,24,CHI,SG,0.601,0.521,1.1,10.4,5.8,19.5,1.3,0.6,12.4,24.4,0.5,-1.4,-0.9,0.7
Derrick White,30,BOS,SG,0.606,0.721,2.8,11.5,7.2,20.2,1.4,2.9,11.3,19.8,2.7,0.8,3.5,3.6
Dariq Whitehead,20,BRK,SF,0.58,0.771,1.8,12.1,6.7,7.8,1.2,0.4,13.3,20.1,-1.5,-2.2,-3.7,-0.1
Cam Whitmore,20,HOU,SF,0.549,0.454,4.5,15.1,9.7,8.9,1.8,1.4,9.6,23.9,0.7,-0.4,0.3,0.5
Aaron Wiggins,26,OKC,SG,0.596,0.466,5.1,12.9,9.1,10.6,1.7,1,8.3,20.3,1.3,-0.2,1.1,1.4
Andrew Wiggins,29,2TM,SF,0.566,0.415,5.1,10.8,7.9,13.5,1.6,2.6,9.4,24.5,1.2,-0.3,0.9,1.4
Alondes Williams,25,DET,SG,1.25,0.5,0,0,0,65,0,0,0,21.1,37.9,6.2,44.1,0
Brandon Williams,25,DAL,PG,0.634,0.319,2.7,10.1,6.5,23.2,2.4,0.9,15.2,22.6,1,-0.1,1,0.4
Cody Williams,20,UTA,SG,0.419,0.525,2.8,8.7,5.7,7.4,1,1.4,13.8,12.5,-6.1,-1.2,-7.3,-1.4
Grant Williams,26,CHO,PF,0.596,0.602,3.9,14.5,9.1,11.3,1.8,2.7,16.7,14.8,-2.3,0.7,-1.6,0.1
Jalen Williams,23,OKC,SG,0.573,0.291,2.9,14.6,8.8,23.4,2.4,2.1,10.3,27.5,2.7,1.4,4,3.4
Jaylin Williams,22,OKC,PF,0.594,0.692,6.7,28.7,17.9,19,1.3,3.7,13,14.6,1.5,2.7,4.3,1.2
Kenrich Williams,30,OKC,PF,0.587,0.483,6.3,16.3,11.4,11,1.8,0.9,9.5,15.4,-0.4,0.9,0.6,0.7
Mark Williams,23,CHO,C,0.647,0.009,11.8,29.3,20.3,16.5,1.3,4.5,12,21.4,2.5,0.9,3.5,1.6
Nate Williams,25,HOU,SG,0.496,0.419,3.6,5.9,4.7,8.8,2.6,2.4,17.6,22.3,-5.5,-0.2,-5.7,-0.1
Patrick Williams,23,CHI,PF,0.512,0.527,2.9,12.7,7.9,10.3,1.4,1.8,13.5,16.9,-3,-0.7,-3.7,-0.7
Robert Williams,27,POR,C,0.679,0.038,10.5,26.3,18.2,8.6,1.8,8.5,16.6,12.2,-0.1,3.2,3,0.4
Vince Williams Jr.,24,MEM,SG,0.504,0.569,4.7,15.9,10.4,13.8,1.1,1.3,15.7,17,-2.5,-0.3,-2.8,-0.1
Ziaire Williams,23,BRK,SF,0.55,0.581,4.3,17.5,10.6,8.5,2,1.8,10.5,18.2,-2.2,-0.1,-2.3,-0.1
Zion Williamson,24,NOP,PF,0.6,0.026,9.3,18.2,13.6,36.6,2.1,3,12.8,34.7,5.9,1,7,1.9
Jalen Wilson,24,BRK,PF,0.541,0.584,4,11.4,7.5,10.8,1,0.2,10.2,16.6,-2.6,-1.3,-3.9,-1
James Wiseman,23,IND,C,0.615,0.25,0,22.1,11.1,0,0,0,0,42.2,6,-4.4,1.6,0
Isaiah Wong,24,CHO,SG,0.5,0.314,5.5,7.4,6.4,16.5,2,0,13,22.1,-2.9,-1,-4,-0.1
Delon Wright,32,2TM,PG,0.44,0.557,4.9,6.5,5.7,15,2.7,1.8,13.4,11.3,-2.8,1.4,-1.4,0.1
Guerschon Yabusele,29,PHI,C,0.616,0.487,7.7,16.3,11.8,11.6,1.5,1.2,12.2,16.3,0.1,-1.1,-1,0.5
Jahmir Young,24,CHI,PG,0.935,0.4,3.6,6.9,5.2,26.2,0,0,14.5,9.6,1.2,-0.8,0.5,0
Trae Young,26,ATL,PG,0.567,0.467,1.4,8.2,4.7,46.4,1.6,0.4,17.9,29.6,3.3,-2.7,0.5,1.7
Ivica Zubac,27,LAC,C,0.641,0,13.1,30.2,21.8,12.8,1,3.4,10.8,19.5,2.3,0.8,3.1,3.4
